popSize ; tournament ; mutation ; crossover ; numOfCycles ; duration ; best ; av ; worst ; bestFitness ; bestResult ;
3 ; 2 ; 1.0 ; 0 ; 8 ; 74 ; 980.0251141001073 ; 1112.50320679539 ; 1232.8927081775316 ; 980.0251141001073 ; [0.0, 13.0, 19.0, 4.0, 14.0, 10.0, 11.0, 5.0, 3.0, 20.0, 6.0, 12.0, 17.0, 9.0, 2.0, 7.0, 1.0, 18.0, 16.0, 15.0, 8.0, 0.0]
3 ; 2 ; 1.0 ; 0 ; 206 ; 128 ; 980.0251141001073 ; 1112.50320679539 ; 1232.8927081775316 ; 980.0251141001073 ; [0.0, 13.0, 19.0, 4.0, 14.0, 10.0, 11.0, 5.0, 3.0, 20.0, 6.0, 12.0, 17.0, 9.0, 2.0, 7.0, 1.0, 18.0, 16.0, 15.0, 8.0, 0.0]
3 ; 2 ; 1.0 ; 0 ; 405 ; 90 ; 980.0251141001073 ; 1112.5032067953903 ; 1232.8927081775316 ; 980.0251141001073 ; [0.0, 13.0, 19.0, 4.0, 14.0, 10.0, 11.0, 5.0, 3.0, 20.0, 6.0, 12.0, 17.0, 9.0, 2.0, 7.0, 1.0, 18.0, 16.0, 15.0, 8.0, 0.0]
3 ; 2 ; 1.0 ; 0 ; 603 ; 46 ; 980.0251141001073 ; 1112.50320679539 ; 1232.8927081775316 ; 980.0251141001073 ; [0.0, 13.0, 19.0, 4.0, 14.0, 10.0, 11.0, 5.0, 3.0, 20.0, 6.0, 12.0, 17.0, 9.0, 2.0, 7.0, 1.0, 18.0, 16.0, 15.0, 8.0, 0.0]
3 ; 2 ; 1.0 ; 0 ; 802 ; 44 ; 980.0251141001073 ; 1112.50320679539 ; 1232.8927081775316 ; 980.0251141001073 ; [0.0, 13.0, 19.0, 4.0, 14.0, 10.0, 11.0, 5.0, 3.0, 20.0, 6.0, 12.0, 17.0, 9.0, 2.0, 7.0, 1.0, 18.0, 16.0, 15.0, 8.0, 0.0]
3 ; 2 ; 1.0 ; 0 ; 1000 ; 46 ; 980.0251141001073 ; 1112.50320679539 ; 1232.8927081775316 ; 980.0251141001073 ; [0.0, 13.0, 19.0, 4.0, 14.0, 10.0, 11.0, 5.0, 3.0, 20.0, 6.0, 12.0, 17.0, 9.0, 2.0, 7.0, 1.0, 18.0, 16.0, 15.0, 8.0, 0.0]
3 ; 2 ; 1.0 ; 50 ; 8 ; 101 ; 1186.4969299782874 ; 1200.0007955421736 ; 1218.3917014182657 ; 1000.0 ; 0.0
3 ; 2 ; 1.0 ; 50 ; 206 ; 829 ; 1110.0150129064634 ; 1145.9009574977522 ; 1192.4915034389987 ; 1000.0 ; 0.0
3 ; 2 ; 1.0 ; 50 ; 405 ; 556 ; 953.5018877249844 ; 984.9558494614239 ; 1042.3909647153287 ; 949.403665604844 ; [0.0, 1.0, 3.0, 12.0, 4.0, 19.0, 17.0, 10.0, 14.0, 2.0, 9.0, 11.0, 20.0, 15.0, 18.0, 16.0, 5.0, 7.0, 13.0, 6.0, 8.0, 0.0]
3 ; 2 ; 1.0 ; 50 ; 603 ; 525 ; 917.1347334787789 ; 1012.3917935243086 ; 1078.8329731401077 ; 894.7941229999326 ; [0.0, 1.0, 3.0, 12.0, 4.0, 19.0, 2.0, 17.0, 10.0, 14.0, 9.0, 11.0, 20.0, 15.0, 18.0, 16.0, 5.0, 7.0, 13.0, 6.0, 8.0, 0.0]
3 ; 2 ; 1.0 ; 50 ; 802 ; 456 ; 907.7450742915086 ; 938.8049944102175 ; 991.535175460365 ; 894.7941229999326 ; [0.0, 1.0, 3.0, 12.0, 4.0, 19.0, 2.0, 17.0, 10.0, 14.0, 9.0, 11.0, 20.0, 15.0, 18.0, 16.0, 5.0, 7.0, 13.0, 6.0, 8.0, 0.0]
3 ; 2 ; 1.0 ; 50 ; 1000 ; 504 ; 974.3517798905067 ; 990.8980012804733 ; 1007.8843713618916 ; 894.7941229999326 ; [0.0, 1.0, 3.0, 12.0, 4.0, 19.0, 2.0, 17.0, 10.0, 14.0, 9.0, 11.0, 20.0, 15.0, 18.0, 16.0, 5.0, 7.0, 13.0, 6.0, 8.0, 0.0]
3 ; 2 ; 1.0 ; 100 ; 8 ; 33 ; 1104.219855511798 ; 1158.1300757616557 ; 1256.7913289289302 ; 1000.0 ; 0.0
3 ; 2 ; 1.0 ; 100 ; 206 ; 738 ; 1090.9866820446955 ; 1107.9186439253665 ; 1125.2536431950516 ; 1000.0 ; 0.0
3 ; 2 ; 1.0 ; 100 ; 405 ; 851 ; 1097.6761006788574 ; 1142.630865239016 ; 1224.5234347181233 ; 1000.0 ; 0.0
3 ; 2 ; 1.0 ; 100 ; 603 ; 952 ; 932.4390918740737 ; 1006.552953655203 ; 1089.055299054853 ; 916.1579032317517 ; [0.0, 14.0, 2.0, 10.0, 9.0, 7.0, 6.0, 5.0, 11.0, 12.0, 16.0, 20.0, 18.0, 15.0, 4.0, 8.0, 13.0, 17.0, 19.0, 3.0, 1.0, 0.0]
3 ; 2 ; 1.0 ; 100 ; 802 ; 837 ; 927.2998044204053 ; 950.8723878140603 ; 990.7176557251264 ; 861.623947133208 ; [0.0, 1.0, 3.0, 19.0, 17.0, 8.0, 15.0, 18.0, 20.0, 16.0, 12.0, 13.0, 4.0, 5.0, 6.0, 7.0, 9.0, 10.0, 11.0, 2.0, 14.0, 0.0]
3 ; 2 ; 1.0 ; 100 ; 1000 ; 700 ; 908.6378918613854 ; 950.4250938217842 ; 1016.764109311069 ; 845.0979381602976 ; [0.0, 1.0, 2.0, 5.0, 7.0, 9.0, 10.0, 11.0, 14.0, 3.0, 19.0, 17.0, 8.0, 15.0, 18.0, 6.0, 20.0, 16.0, 12.0, 13.0, 4.0, 0.0]
3 ; 2 ; 16.0 ; 0 ; 8 ; 7 ; 937.7663000738138 ; 1011.1209184494957 ; 1084.9138939952236 ; 937.7663000738138 ; [0.0, 16.0, 13.0, 1.0, 20.0, 2.0, 6.0, 3.0, 11.0, 9.0, 8.0, 17.0, 10.0, 7.0, 5.0, 4.0, 19.0, 18.0, 12.0, 14.0, 15.0, 0.0]
3 ; 2 ; 16.0 ; 0 ; 206 ; 32 ; 937.7663000738138 ; 1011.1209184494957 ; 1084.9138939952236 ; 937.7663000738138 ; [0.0, 16.0, 13.0, 1.0, 20.0, 2.0, 6.0, 3.0, 11.0, 9.0, 8.0, 17.0, 10.0, 7.0, 5.0, 4.0, 19.0, 18.0, 12.0, 14.0, 15.0, 0.0]
3 ; 2 ; 16.0 ; 0 ; 405 ; 28 ; 937.7663000738138 ; 1011.1209184494957 ; 1084.9138939952236 ; 937.7663000738138 ; [0.0, 16.0, 13.0, 1.0, 20.0, 2.0, 6.0, 3.0, 11.0, 9.0, 8.0, 17.0, 10.0, 7.0, 5.0, 4.0, 19.0, 18.0, 12.0, 14.0, 15.0, 0.0]
3 ; 2 ; 16.0 ; 0 ; 603 ; 28 ; 937.7663000738138 ; 1011.1209184494955 ; 1084.9138939952236 ; 937.7663000738138 ; [0.0, 16.0, 13.0, 1.0, 20.0, 2.0, 6.0, 3.0, 11.0, 9.0, 8.0, 17.0, 10.0, 7.0, 5.0, 4.0, 19.0, 18.0, 12.0, 14.0, 15.0, 0.0]
3 ; 2 ; 16.0 ; 0 ; 802 ; 30 ; 937.7663000738138 ; 1011.1209184494957 ; 1084.9138939952236 ; 937.7663000738138 ; [0.0, 16.0, 13.0, 1.0, 20.0, 2.0, 6.0, 3.0, 11.0, 9.0, 8.0, 17.0, 10.0, 7.0, 5.0, 4.0, 19.0, 18.0, 12.0, 14.0, 15.0, 0.0]
3 ; 2 ; 16.0 ; 0 ; 1000 ; 25 ; 937.7663000738138 ; 1011.1209184494957 ; 1084.9138939952236 ; 937.7663000738138 ; [0.0, 16.0, 13.0, 1.0, 20.0, 2.0, 6.0, 3.0, 11.0, 9.0, 8.0, 17.0, 10.0, 7.0, 5.0, 4.0, 19.0, 18.0, 12.0, 14.0, 15.0, 0.0]
3 ; 2 ; 16.0 ; 50 ; 8 ; 28 ; 1059.3164477006655 ; 1073.689114552007 ; 1100.701802900639 ; 1000.0 ; 0.0
3 ; 2 ; 16.0 ; 50 ; 206 ; 391 ; 982.8686356429392 ; 990.7995458123104 ; 1006.6613661510527 ; 862.538719059735 ; [0.0, 8.0, 5.0, 2.0, 11.0, 12.0, 14.0, 9.0, 19.0, 4.0, 3.0, 15.0, 10.0, 16.0, 18.0, 6.0, 17.0, 7.0, 20.0, 1.0, 13.0, 0.0]
3 ; 2 ; 16.0 ; 50 ; 405 ; 350 ; 920.5356381431312 ; 972.9293206966826 ; 1029.7535540784809 ; 847.5399425464047 ; [0.0, 19.0, 10.0, 7.0, 2.0, 1.0, 14.0, 8.0, 6.0, 5.0, 17.0, 11.0, 12.0, 18.0, 13.0, 16.0, 4.0, 3.0, 20.0, 9.0, 15.0, 0.0]
3 ; 2 ; 16.0 ; 50 ; 603 ; 383 ; 894.4984551257455 ; 1025.2253813238278 ; 1166.7343943974784 ; 785.0609789059208 ; [0.0, 20.0, 4.0, 2.0, 19.0, 10.0, 8.0, 13.0, 12.0, 16.0, 15.0, 11.0, 18.0, 14.0, 7.0, 5.0, 17.0, 9.0, 6.0, 1.0, 3.0, 0.0]
3 ; 2 ; 16.0 ; 50 ; 802 ; 487 ; 1219.8530415558857 ; 1238.93114716063 ; 1251.5909912791083 ; 785.0609789059208 ; [0.0, 20.0, 4.0, 2.0, 19.0, 10.0, 8.0, 13.0, 12.0, 16.0, 15.0, 11.0, 18.0, 14.0, 7.0, 5.0, 17.0, 9.0, 6.0, 1.0, 3.0, 0.0]
3 ; 2 ; 16.0 ; 50 ; 1000 ; 470 ; 956.4018921651932 ; 1071.148473197475 ; 1153.860319445607 ; 756.1530807501192 ; [0.0, 14.0, 7.0, 17.0, 16.0, 9.0, 12.0, 10.0, 8.0, 11.0, 15.0, 13.0, 19.0, 2.0, 4.0, 18.0, 5.0, 6.0, 3.0, 1.0, 20.0, 0.0]
3 ; 2 ; 16.0 ; 100 ; 8 ; 45 ; 970.4380250839884 ; 1004.521196573341 ; 1072.6875395520456 ; 933.5482772231348 ; [0.0, 4.0, 3.0, 18.0, 13.0, 16.0, 10.0, 14.0, 6.0, 12.0, 19.0, 15.0, 7.0, 5.0, 11.0, 9.0, 17.0, 8.0, 2.0, 20.0, 1.0, 0.0]
3 ; 2 ; 16.0 ; 100 ; 206 ; 820 ; 940.8514329248226 ; 963.1484605677551 ; 974.2969743892213 ; 783.2845070525381 ; [0.0, 1.0, 6.0, 5.0, 7.0, 17.0, 10.0, 12.0, 11.0, 18.0, 9.0, 16.0, 14.0, 2.0, 19.0, 3.0, 4.0, 13.0, 20.0, 8.0, 15.0, 0.0]
3 ; 2 ; 16.0 ; 100 ; 405 ; 770 ; 890.3807222656981 ; 949.8626242108952 ; 1003.5233783953145 ; 673.4098587624919 ; [0.0, 4.0, 8.0, 5.0, 14.0, 16.0, 11.0, 13.0, 20.0, 6.0, 19.0, 3.0, 2.0, 1.0, 9.0, 10.0, 12.0, 18.0, 17.0, 7.0, 15.0, 0.0]
3 ; 2 ; 16.0 ; 100 ; 603 ; 659 ; 759.1309365266543 ; 800.3558107028629 ; 829.9132264519823 ; 666.0437281025464 ; [0.0, 6.0, 5.0, 19.0, 4.0, 9.0, 11.0, 3.0, 20.0, 15.0, 18.0, 10.0, 16.0, 13.0, 7.0, 12.0, 17.0, 14.0, 8.0, 2.0, 1.0, 0.0]
3 ; 2 ; 16.0 ; 100 ; 802 ; 619 ; 1029.737775545044 ; 1090.1386401832651 ; 1159.7251242716475 ; 666.0437281025464 ; [0.0, 6.0, 5.0, 19.0, 4.0, 9.0, 11.0, 3.0, 20.0, 15.0, 18.0, 10.0, 16.0, 13.0, 7.0, 12.0, 17.0, 14.0, 8.0, 2.0, 1.0, 0.0]
3 ; 2 ; 16.0 ; 100 ; 1000 ; 634 ; 1007.640825615813 ; 1055.4102817799203 ; 1108.1659729289888 ; 666.0437281025464 ; [0.0, 6.0, 5.0, 19.0, 4.0, 9.0, 11.0, 3.0, 20.0, 15.0, 18.0, 10.0, 16.0, 13.0, 7.0, 12.0, 17.0, 14.0, 8.0, 2.0, 1.0, 0.0]
3 ; 2 ; 30.0 ; 0 ; 8 ; 7 ; 909.0138296814729 ; 938.3003874695763 ; 991.9098323164286 ; 909.0138296814729 ; [0.0, 12.0, 17.0, 9.0, 4.0, 8.0, 16.0, 11.0, 7.0, 1.0, 10.0, 18.0, 14.0, 20.0, 3.0, 5.0, 15.0, 2.0, 19.0, 13.0, 6.0, 0.0]
3 ; 2 ; 30.0 ; 0 ; 206 ; 29 ; 909.0138296814729 ; 938.3003874695763 ; 991.9098323164286 ; 909.0138296814729 ; [0.0, 12.0, 17.0, 9.0, 4.0, 8.0, 16.0, 11.0, 7.0, 1.0, 10.0, 18.0, 14.0, 20.0, 3.0, 5.0, 15.0, 2.0, 19.0, 13.0, 6.0, 0.0]
3 ; 2 ; 30.0 ; 0 ; 405 ; 24 ; 909.0138296814729 ; 938.3003874695763 ; 991.9098323164286 ; 909.0138296814729 ; [0.0, 12.0, 17.0, 9.0, 4.0, 8.0, 16.0, 11.0, 7.0, 1.0, 10.0, 18.0, 14.0, 20.0, 3.0, 5.0, 15.0, 2.0, 19.0, 13.0, 6.0, 0.0]
3 ; 2 ; 30.0 ; 0 ; 603 ; 19 ; 909.0138296814729 ; 938.3003874695763 ; 991.9098323164286 ; 909.0138296814729 ; [0.0, 12.0, 17.0, 9.0, 4.0, 8.0, 16.0, 11.0, 7.0, 1.0, 10.0, 18.0, 14.0, 20.0, 3.0, 5.0, 15.0, 2.0, 19.0, 13.0, 6.0, 0.0]
3 ; 2 ; 30.0 ; 0 ; 802 ; 19 ; 909.0138296814729 ; 938.3003874695763 ; 991.9098323164286 ; 909.0138296814729 ; [0.0, 12.0, 17.0, 9.0, 4.0, 8.0, 16.0, 11.0, 7.0, 1.0, 10.0, 18.0, 14.0, 20.0, 3.0, 5.0, 15.0, 2.0, 19.0, 13.0, 6.0, 0.0]
3 ; 2 ; 30.0 ; 0 ; 1000 ; 26 ; 909.0138296814729 ; 938.3003874695763 ; 991.9098323164286 ; 909.0138296814729 ; [0.0, 12.0, 17.0, 9.0, 4.0, 8.0, 16.0, 11.0, 7.0, 1.0, 10.0, 18.0, 14.0, 20.0, 3.0, 5.0, 15.0, 2.0, 19.0, 13.0, 6.0, 0.0]
3 ; 2 ; 30.0 ; 50 ; 8 ; 27 ; 1006.2317117538727 ; 1030.1979759792969 ; 1052.7947857728773 ; 843.0430566891087 ; [0.0, 14.0, 1.0, 11.0, 13.0, 10.0, 6.0, 7.0, 20.0, 5.0, 18.0, 16.0, 17.0, 12.0, 15.0, 8.0, 4.0, 19.0, 2.0, 9.0, 3.0, 0.0]
3 ; 2 ; 30.0 ; 50 ; 206 ; 339 ; 935.3250272958776 ; 936.3848585940774 ; 936.9147742431775 ; 836.8335870712315 ; [0.0, 1.0, 3.0, 13.0, 9.0, 16.0, 6.0, 11.0, 18.0, 15.0, 20.0, 7.0, 4.0, 8.0, 19.0, 2.0, 10.0, 17.0, 12.0, 14.0, 5.0, 0.0]
3 ; 2 ; 30.0 ; 50 ; 405 ; 341 ; 1051.269792067631 ; 1074.2300923729288 ; 1096.4676875170658 ; 797.727845442553 ; [0.0, 13.0, 9.0, 15.0, 12.0, 8.0, 14.0, 6.0, 10.0, 18.0, 19.0, 4.0, 7.0, 20.0, 17.0, 11.0, 5.0, 2.0, 1.0, 3.0, 16.0, 0.0]
3 ; 2 ; 30.0 ; 50 ; 603 ; 355 ; 961.0366097151513 ; 992.9614553923876 ; 1008.9238782310058 ; 791.8347267171068 ; [0.0, 2.0, 4.0, 6.0, 7.0, 19.0, 1.0, 13.0, 10.0, 12.0, 16.0, 8.0, 14.0, 18.0, 11.0, 20.0, 3.0, 5.0, 15.0, 17.0, 9.0, 0.0]
3 ; 2 ; 30.0 ; 50 ; 802 ; 322 ; 813.9185076652491 ; 866.6189662939299 ; 964.5221836227364 ; 753.3365711840884 ; [0.0, 5.0, 18.0, 10.0, 15.0, 17.0, 16.0, 13.0, 20.0, 9.0, 19.0, 7.0, 14.0, 11.0, 1.0, 3.0, 8.0, 4.0, 6.0, 2.0, 12.0, 0.0]
3 ; 2 ; 30.0 ; 50 ; 1000 ; 402 ; 992.8010388780518 ; 1025.9398161457727 ; 1077.4131378126672 ; 584.3043612271667 ; [0.0, 1.0, 5.0, 19.0, 11.0, 12.0, 16.0, 15.0, 17.0, 10.0, 18.0, 9.0, 14.0, 6.0, 20.0, 13.0, 7.0, 8.0, 3.0, 4.0, 2.0, 0.0]
3 ; 2 ; 30.0 ; 100 ; 8 ; 30 ; 1053.123597202507 ; 1064.5492508695825 ; 1070.2620777031202 ; 941.5650083669831 ; [0.0, 1.0, 15.0, 3.0, 14.0, 17.0, 18.0, 16.0, 11.0, 20.0, 19.0, 6.0, 2.0, 13.0, 7.0, 9.0, 8.0, 5.0, 4.0, 12.0, 10.0, 0.0]
3 ; 2 ; 30.0 ; 100 ; 206 ; 631 ; 966.3897025966965 ; 984.3906671109215 ; 1012.3786009860371 ; 799.8837621933469 ; [0.0, 1.0, 5.0, 7.0, 12.0, 18.0, 16.0, 9.0, 17.0, 4.0, 14.0, 20.0, 3.0, 15.0, 10.0, 19.0, 8.0, 11.0, 6.0, 2.0, 13.0, 0.0]
3 ; 2 ; 30.0 ; 100 ; 405 ; 620 ; 1031.8508507009212 ; 1085.9587458704866 ; 1127.8229669491952 ; 719.6111429017884 ; [0.0, 2.0, 14.0, 7.0, 11.0, 12.0, 18.0, 17.0, 15.0, 13.0, 6.0, 19.0, 1.0, 3.0, 5.0, 16.0, 10.0, 8.0, 20.0, 4.0, 9.0, 0.0]
3 ; 2 ; 30.0 ; 100 ; 603 ; 714 ; 1100.7962391719723 ; 1138.441889671829 ; 1183.3534830347735 ; 719.6111429017884 ; [0.0, 2.0, 14.0, 7.0, 11.0, 12.0, 18.0, 17.0, 15.0, 13.0, 6.0, 19.0, 1.0, 3.0, 5.0, 16.0, 10.0, 8.0, 20.0, 4.0, 9.0, 0.0]
3 ; 2 ; 30.0 ; 100 ; 802 ; 689 ; 776.3153047070068 ; 799.2669752203695 ; 817.9813751112122 ; 719.6111429017884 ; [0.0, 2.0, 14.0, 7.0, 11.0, 12.0, 18.0, 17.0, 15.0, 13.0, 6.0, 19.0, 1.0, 3.0, 5.0, 16.0, 10.0, 8.0, 20.0, 4.0, 9.0, 0.0]
3 ; 2 ; 30.0 ; 100 ; 1000 ; 739 ; 946.3928436561167 ; 993.6185050030698 ; 1067.4166799942566 ; 719.6111429017884 ; [0.0, 2.0, 14.0, 7.0, 11.0, 12.0, 18.0, 17.0, 15.0, 13.0, 6.0, 19.0, 1.0, 3.0, 5.0, 16.0, 10.0, 8.0, 20.0, 4.0, 9.0, 0.0]
502 ; 2 ; 1.0 ; 0 ; 8 ; 58 ; 709.1235672901488 ; 1033.004852849093 ; 1405.3421761829682 ; 709.1235672901488 ; [0.0, 6.0, 7.0, 3.0, 4.0, 2.0, 14.0, 5.0, 12.0, 9.0, 11.0, 10.0, 16.0, 15.0, 17.0, 13.0, 20.0, 8.0, 18.0, 1.0, 19.0, 0.0]
502 ; 2 ; 1.0 ; 0 ; 206 ; 1212 ; 709.1235672901488 ; 1033.0048528490931 ; 1405.3421761829682 ; 709.1235672901488 ; [0.0, 6.0, 7.0, 3.0, 4.0, 2.0, 14.0, 5.0, 12.0, 9.0, 11.0, 10.0, 16.0, 15.0, 17.0, 13.0, 20.0, 8.0, 18.0, 1.0, 19.0, 0.0]
502 ; 2 ; 1.0 ; 0 ; 405 ; 1165 ; 709.1235672901488 ; 1033.0048528490925 ; 1405.3421761829682 ; 709.1235672901488 ; [0.0, 6.0, 7.0, 3.0, 4.0, 2.0, 14.0, 5.0, 12.0, 9.0, 11.0, 10.0, 16.0, 15.0, 17.0, 13.0, 20.0, 8.0, 18.0, 1.0, 19.0, 0.0]
502 ; 2 ; 1.0 ; 0 ; 603 ; 1240 ; 709.1235672901488 ; 1033.004852849093 ; 1405.3421761829682 ; 709.1235672901488 ; [0.0, 6.0, 7.0, 3.0, 4.0, 2.0, 14.0, 5.0, 12.0, 9.0, 11.0, 10.0, 16.0, 15.0, 17.0, 13.0, 20.0, 8.0, 18.0, 1.0, 19.0, 0.0]
502 ; 2 ; 1.0 ; 0 ; 802 ; 1273 ; 709.1235672901488 ; 1033.0048528490925 ; 1405.3421761829682 ; 709.1235672901488 ; [0.0, 6.0, 7.0, 3.0, 4.0, 2.0, 14.0, 5.0, 12.0, 9.0, 11.0, 10.0, 16.0, 15.0, 17.0, 13.0, 20.0, 8.0, 18.0, 1.0, 19.0, 0.0]
502 ; 2 ; 1.0 ; 0 ; 1000 ; 1168 ; 709.1235672901488 ; 1033.0048528490925 ; 1405.3421761829682 ; 709.1235672901488 ; [0.0, 6.0, 7.0, 3.0, 4.0, 2.0, 14.0, 5.0, 12.0, 9.0, 11.0, 10.0, 16.0, 15.0, 17.0, 13.0, 20.0, 8.0, 18.0, 1.0, 19.0, 0.0]
502 ; 2 ; 1.0 ; 50 ; 8 ; 2076 ; 684.8520603815178 ; 879.6658155413154 ; 1130.3099107427731 ; 684.8520603815178 ; [0.0, 3.0, 4.0, 6.0, 17.0, 7.0, 11.0, 14.0, 5.0, 19.0, 18.0, 12.0, 15.0, 16.0, 10.0, 9.0, 8.0, 20.0, 13.0, 2.0, 1.0, 0.0]
502 ; 2 ; 1.0 ; 50 ; 206 ; 57858 ; 504.7308271207191 ; 601.6864487738761 ; 743.0814304813945 ; 494.72412935199407 ; [0.0, 2.0, 1.0, 3.0, 4.0, 19.0, 6.0, 7.0, 14.0, 9.0, 17.0, 18.0, 12.0, 15.0, 16.0, 10.0, 11.0, 8.0, 20.0, 13.0, 5.0, 0.0]
502 ; 2 ; 1.0 ; 50 ; 405 ; 54943 ; 412.7004231901519 ; 541.7262054325502 ; 790.899626696759 ; 412.7004231901519 ; [0.0, 1.0, 2.0, 3.0, 20.0, 8.0, 13.0, 11.0, 10.0, 16.0, 15.0, 12.0, 18.0, 17.0, 9.0, 14.0, 7.0, 5.0, 6.0, 19.0, 4.0, 0.0]
502 ; 2 ; 1.0 ; 50 ; 603 ; 55942 ; 412.7004231901519 ; 501.45057660575725 ; 657.7653949037898 ; 412.7004231901519 ; [0.0, 1.0, 2.0, 3.0, 20.0, 8.0, 13.0, 11.0, 10.0, 16.0, 15.0, 12.0, 18.0, 17.0, 9.0, 14.0, 7.0, 5.0, 6.0, 19.0, 4.0, 0.0]
502 ; 2 ; 1.0 ; 50 ; 802 ; 59349 ; 406.00390999704905 ; 499.9256012009404 ; 676.2965443516453 ; 406.00390999704905 ; [0.0, 1.0, 2.0, 3.0, 20.0, 8.0, 13.0, 11.0, 10.0, 16.0, 15.0, 12.0, 18.0, 17.0, 9.0, 14.0, 7.0, 6.0, 5.0, 19.0, 4.0, 0.0]
502 ; 2 ; 1.0 ; 50 ; 1000 ; 66405 ; 406.00390999704905 ; 505.4336796376305 ; 749.3623316097213 ; 405.6676600161393 ; [0.0, 1.0, 2.0, 3.0, 20.0, 8.0, 13.0, 11.0, 16.0, 10.0, 15.0, 12.0, 18.0, 17.0, 9.0, 14.0, 7.0, 6.0, 5.0, 19.0, 4.0, 0.0]
502 ; 2 ; 1.0 ; 100 ; 8 ; 4250 ; 733.7581732477886 ; 829.1378817496003 ; 973.0905970929898 ; 733.7581732477886 ; [0.0, 3.0, 2.0, 5.0, 9.0, 13.0, 11.0, 14.0, 8.0, 7.0, 20.0, 15.0, 18.0, 6.0, 12.0, 16.0, 10.0, 17.0, 1.0, 4.0, 19.0, 0.0]
502 ; 2 ; 1.0 ; 100 ; 206 ; 121265 ; 534.3735000781281 ; 620.3313806954814 ; 777.8225699402022 ; 523.5289944995318 ; [0.0, 3.0, 4.0, 6.0, 19.0, 5.0, 9.0, 17.0, 18.0, 10.0, 16.0, 12.0, 15.0, 20.0, 7.0, 8.0, 14.0, 11.0, 13.0, 2.0, 1.0, 0.0]
502 ; 2 ; 1.0 ; 100 ; 405 ; 106686 ; 459.6877449937463 ; 553.3852116507546 ; 679.0227424311515 ; 459.6877449937463 ; [0.0, 1.0, 2.0, 20.0, 13.0, 11.0, 8.0, 15.0, 16.0, 10.0, 18.0, 17.0, 12.0, 9.0, 14.0, 5.0, 19.0, 4.0, 6.0, 7.0, 3.0, 0.0]
502 ; 2 ; 1.0 ; 100 ; 603 ; 152465 ; 459.6877449937463 ; 552.5960637024277 ; 717.7321557232009 ; 455.86754189222506 ; [0.0, 20.0, 13.0, 11.0, 8.0, 15.0, 16.0, 10.0, 18.0, 17.0, 12.0, 9.0, 14.0, 5.0, 19.0, 4.0, 6.0, 7.0, 3.0, 2.0, 1.0, 0.0]
502 ; 2 ; 1.0 ; 100 ; 802 ; 126977 ; 423.1784218083646 ; 514.7962701433166 ; 647.934447601143 ; 423.1784218083646 ; [0.0, 1.0, 2.0, 20.0, 13.0, 11.0, 15.0, 16.0, 10.0, 18.0, 17.0, 12.0, 9.0, 14.0, 5.0, 19.0, 4.0, 6.0, 7.0, 8.0, 3.0, 0.0]
502 ; 2 ; 1.0 ; 100 ; 1000 ; 112425 ; 420.82008268076584 ; 507.4879638676862 ; 785.081156746848 ; 406.97411211425793 ; [0.0, 3.0, 4.0, 7.0, 6.0, 19.0, 5.0, 14.0, 9.0, 12.0, 17.0, 18.0, 10.0, 16.0, 15.0, 11.0, 13.0, 8.0, 20.0, 2.0, 1.0, 0.0]
502 ; 2 ; 16.0 ; 0 ; 8 ; 62 ; 668.268415287317 ; 1027.9704053543549 ; 1300.5820232318333 ; 668.268415287317 ; [0.0, 4.0, 1.0, 19.0, 6.0, 11.0, 12.0, 9.0, 2.0, 3.0, 5.0, 8.0, 7.0, 14.0, 20.0, 13.0, 18.0, 10.0, 16.0, 15.0, 17.0, 0.0]
502 ; 2 ; 16.0 ; 0 ; 206 ; 1396 ; 668.268415287317 ; 1027.9704053543549 ; 1300.5820232318333 ; 668.268415287317 ; [0.0, 4.0, 1.0, 19.0, 6.0, 11.0, 12.0, 9.0, 2.0, 3.0, 5.0, 8.0, 7.0, 14.0, 20.0, 13.0, 18.0, 10.0, 16.0, 15.0, 17.0, 0.0]
502 ; 2 ; 16.0 ; 0 ; 405 ; 1486 ; 668.268415287317 ; 1027.970405354355 ; 1300.5820232318333 ; 668.268415287317 ; [0.0, 4.0, 1.0, 19.0, 6.0, 11.0, 12.0, 9.0, 2.0, 3.0, 5.0, 8.0, 7.0, 14.0, 20.0, 13.0, 18.0, 10.0, 16.0, 15.0, 17.0, 0.0]
502 ; 2 ; 16.0 ; 0 ; 603 ; 1450 ; 668.268415287317 ; 1027.9704053543549 ; 1300.5820232318333 ; 668.268415287317 ; [0.0, 4.0, 1.0, 19.0, 6.0, 11.0, 12.0, 9.0, 2.0, 3.0, 5.0, 8.0, 7.0, 14.0, 20.0, 13.0, 18.0, 10.0, 16.0, 15.0, 17.0, 0.0]
502 ; 2 ; 16.0 ; 0 ; 802 ; 1423 ; 668.268415287317 ; 1027.9704053543549 ; 1300.5820232318333 ; 668.268415287317 ; [0.0, 4.0, 1.0, 19.0, 6.0, 11.0, 12.0, 9.0, 2.0, 3.0, 5.0, 8.0, 7.0, 14.0, 20.0, 13.0, 18.0, 10.0, 16.0, 15.0, 17.0, 0.0]
502 ; 2 ; 16.0 ; 0 ; 1000 ; 1412 ; 668.268415287317 ; 1027.9704053543546 ; 1300.5820232318333 ; 668.268415287317 ; [0.0, 4.0, 1.0, 19.0, 6.0, 11.0, 12.0, 9.0, 2.0, 3.0, 5.0, 8.0, 7.0, 14.0, 20.0, 13.0, 18.0, 10.0, 16.0, 15.0, 17.0, 0.0]
502 ; 2 ; 16.0 ; 50 ; 8 ; 2189 ; 654.4862163492883 ; 928.1917250949447 ; 1247.1132790359509 ; 654.4862163492883 ; [0.0, 19.0, 6.0, 5.0, 9.0, 11.0, 10.0, 18.0, 16.0, 20.0, 14.0, 7.0, 12.0, 17.0, 15.0, 13.0, 3.0, 1.0, 8.0, 4.0, 2.0, 0.0]
502 ; 2 ; 16.0 ; 50 ; 206 ; 57780 ; 434.8029639699555 ; 551.1347458024899 ; 824.8790714541353 ; 430.02701947482933 ; [0.0, 2.0, 3.0, 20.0, 13.0, 11.0, 17.0, 12.0, 15.0, 16.0, 18.0, 10.0, 9.0, 8.0, 7.0, 14.0, 5.0, 6.0, 19.0, 4.0, 1.0, 0.0]
502 ; 2 ; 16.0 ; 50 ; 405 ; 54354 ; 398.40298857191397 ; 554.155116276531 ; 997.1009992117691 ; 387.795499331722 ; [0.0, 1.0, 2.0, 3.0, 20.0, 8.0, 13.0, 11.0, 15.0, 16.0, 18.0, 10.0, 17.0, 12.0, 9.0, 14.0, 7.0, 5.0, 6.0, 19.0, 4.0, 0.0]
502 ; 2 ; 16.0 ; 50 ; 603 ; 53553 ; 381.70347235440033 ; 529.5095477857041 ; 897.5658528702722 ; 378.571815915997 ; [0.0, 2.0, 3.0, 20.0, 8.0, 13.0, 11.0, 15.0, 16.0, 10.0, 18.0, 12.0, 17.0, 9.0, 14.0, 7.0, 5.0, 6.0, 19.0, 4.0, 1.0, 0.0]
502 ; 2 ; 16.0 ; 50 ; 802 ; 54567 ; 378.7687363911304 ; 527.7564115780677 ; 860.8202105913341 ; 371.9106851827537 ; [0.0, 1.0, 2.0, 3.0, 20.0, 8.0, 13.0, 11.0, 15.0, 16.0, 10.0, 18.0, 12.0, 17.0, 9.0, 14.0, 7.0, 5.0, 6.0, 19.0, 4.0, 0.0]
502 ; 2 ; 16.0 ; 50 ; 1000 ; 52840 ; 378.7687363911304 ; 499.719009013151 ; 842.3498492869384 ; 371.9106851827537 ; [0.0, 1.0, 2.0, 3.0, 20.0, 8.0, 13.0, 11.0, 15.0, 16.0, 10.0, 18.0, 12.0, 17.0, 9.0, 14.0, 7.0, 5.0, 6.0, 19.0, 4.0, 0.0]
502 ; 2 ; 16.0 ; 100 ; 8 ; 5032 ; 569.6554795438776 ; 696.5800193338224 ; 948.6188223112788 ; 563.8926031216372 ; [0.0, 19.0, 20.0, 8.0, 11.0, 5.0, 7.0, 14.0, 6.0, 16.0, 10.0, 18.0, 17.0, 12.0, 15.0, 13.0, 9.0, 4.0, 2.0, 3.0, 1.0, 0.0]
502 ; 2 ; 16.0 ; 100 ; 206 ; 106925 ; 396.15899051643777 ; 512.1993831285356 ; 827.9254187003561 ; 394.62849972158 ; [0.0, 5.0, 6.0, 7.0, 14.0, 9.0, 17.0, 16.0, 10.0, 18.0, 12.0, 15.0, 11.0, 13.0, 8.0, 20.0, 19.0, 4.0, 2.0, 1.0, 3.0, 0.0]
502 ; 2 ; 16.0 ; 100 ; 405 ; 119675 ; 375.95169793720873 ; 488.7247613873774 ; 866.000047584643 ; 375.95169793720873 ; [0.0, 4.0, 19.0, 5.0, 6.0, 7.0, 14.0, 9.0, 17.0, 16.0, 10.0, 18.0, 12.0, 15.0, 13.0, 11.0, 8.0, 20.0, 3.0, 2.0, 1.0, 0.0]
502 ; 2 ; 16.0 ; 100 ; 603 ; 141990 ; 375.95169793720873 ; 487.15311486543544 ; 763.2980508218583 ; 374.42120714235097 ; [0.0, 4.0, 19.0, 5.0, 6.0, 7.0, 14.0, 9.0, 17.0, 16.0, 10.0, 18.0, 12.0, 15.0, 11.0, 13.0, 8.0, 20.0, 3.0, 2.0, 1.0, 0.0]
502 ; 2 ; 16.0 ; 100 ; 802 ; 110141 ; 374.42120714235097 ; 476.1215258129984 ; 673.5641171776724 ; 373.60271399288524 ; [0.0, 4.0, 19.0, 5.0, 6.0, 7.0, 14.0, 9.0, 17.0, 12.0, 16.0, 10.0, 18.0, 15.0, 13.0, 11.0, 8.0, 20.0, 3.0, 2.0, 1.0, 0.0]
502 ; 2 ; 16.0 ; 100 ; 1000 ; 110613 ; 374.42120714235097 ; 481.74435020925245 ; 653.8258077067663 ; 372.0722231980275 ; [0.0, 4.0, 19.0, 5.0, 6.0, 7.0, 14.0, 9.0, 17.0, 12.0, 16.0, 10.0, 18.0, 15.0, 11.0, 13.0, 8.0, 20.0, 3.0, 2.0, 1.0, 0.0]
502 ; 2 ; 30.0 ; 0 ; 8 ; 53 ; 769.7997767492166 ; 1034.941201480916 ; 1340.0620926470758 ; 769.7997767492166 ; [0.0, 3.0, 6.0, 14.0, 4.0, 18.0, 20.0, 7.0, 12.0, 15.0, 2.0, 1.0, 11.0, 13.0, 17.0, 9.0, 16.0, 8.0, 19.0, 5.0, 10.0, 0.0]
502 ; 2 ; 30.0 ; 0 ; 206 ; 1387 ; 769.7997767492166 ; 1034.9412014809147 ; 1340.0620926470758 ; 769.7997767492166 ; [0.0, 3.0, 6.0, 14.0, 4.0, 18.0, 20.0, 7.0, 12.0, 15.0, 2.0, 1.0, 11.0, 13.0, 17.0, 9.0, 16.0, 8.0, 19.0, 5.0, 10.0, 0.0]
502 ; 2 ; 30.0 ; 0 ; 405 ; 1447 ; 769.7997767492166 ; 1034.941201480915 ; 1340.0620926470758 ; 769.7997767492166 ; [0.0, 3.0, 6.0, 14.0, 4.0, 18.0, 20.0, 7.0, 12.0, 15.0, 2.0, 1.0, 11.0, 13.0, 17.0, 9.0, 16.0, 8.0, 19.0, 5.0, 10.0, 0.0]
502 ; 2 ; 30.0 ; 0 ; 603 ; 1482 ; 769.7997767492166 ; 1034.941201480915 ; 1340.0620926470758 ; 769.7997767492166 ; [0.0, 3.0, 6.0, 14.0, 4.0, 18.0, 20.0, 7.0, 12.0, 15.0, 2.0, 1.0, 11.0, 13.0, 17.0, 9.0, 16.0, 8.0, 19.0, 5.0, 10.0, 0.0]
502 ; 2 ; 30.0 ; 0 ; 802 ; 1502 ; 769.7997767492166 ; 1034.9412014809163 ; 1340.0620926470758 ; 769.7997767492166 ; [0.0, 3.0, 6.0, 14.0, 4.0, 18.0, 20.0, 7.0, 12.0, 15.0, 2.0, 1.0, 11.0, 13.0, 17.0, 9.0, 16.0, 8.0, 19.0, 5.0, 10.0, 0.0]
502 ; 2 ; 30.0 ; 0 ; 1000 ; 1449 ; 769.7997767492166 ; 1034.9412014809159 ; 1340.0620926470758 ; 769.7997767492166 ; [0.0, 3.0, 6.0, 14.0, 4.0, 18.0, 20.0, 7.0, 12.0, 15.0, 2.0, 1.0, 11.0, 13.0, 17.0, 9.0, 16.0, 8.0, 19.0, 5.0, 10.0, 0.0]
502 ; 2 ; 30.0 ; 50 ; 8 ; 2101 ; 632.6069946585561 ; 913.3069009526616 ; 1237.698221482127 ; 632.6069946585561 ; [0.0, 9.0, 5.0, 14.0, 13.0, 3.0, 7.0, 8.0, 19.0, 6.0, 20.0, 17.0, 12.0, 15.0, 11.0, 10.0, 16.0, 18.0, 2.0, 1.0, 4.0, 0.0]
502 ; 2 ; 30.0 ; 50 ; 206 ; 53079 ; 412.8778717840065 ; 655.8252902913218 ; 1115.7620256454352 ; 412.2781440094426 ; [0.0, 1.0, 2.0, 4.0, 19.0, 14.0, 9.0, 12.0, 17.0, 16.0, 10.0, 18.0, 15.0, 11.0, 13.0, 20.0, 8.0, 7.0, 6.0, 5.0, 3.0, 0.0]
502 ; 2 ; 30.0 ; 50 ; 405 ; 85579 ; 393.6820686502248 ; 581.4461002374451 ; 855.3363626151154 ; 393.6820686502248 ; [0.0, 1.0, 2.0, 3.0, 4.0, 19.0, 5.0, 7.0, 14.0, 9.0, 17.0, 12.0, 16.0, 10.0, 18.0, 15.0, 11.0, 13.0, 20.0, 8.0, 6.0, 0.0]
502 ; 2 ; 30.0 ; 50 ; 603 ; 78910 ; 399.8687968946365 ; 590.3287539734675 ; 919.004187155499 ; 386.8240174418481 ; [0.0, 1.0, 2.0, 3.0, 4.0, 19.0, 5.0, 7.0, 14.0, 9.0, 17.0, 12.0, 18.0, 10.0, 16.0, 15.0, 11.0, 13.0, 20.0, 8.0, 6.0, 0.0]
502 ; 2 ; 30.0 ; 50 ; 802 ; 61873 ; 419.90396622683033 ; 596.2454500034077 ; 921.7213116714515 ; 382.3205968999407 ; [0.0, 19.0, 4.0, 6.0, 5.0, 7.0, 14.0, 9.0, 17.0, 12.0, 16.0, 10.0, 18.0, 15.0, 11.0, 13.0, 8.0, 20.0, 3.0, 2.0, 1.0, 0.0]
502 ; 2 ; 30.0 ; 50 ; 1000 ; 81867 ; 379.3002855649818 ; 580.2040110379179 ; 1007.2487003915803 ; 371.2234703160344 ; [0.0, 19.0, 5.0, 6.0, 7.0, 14.0, 9.0, 17.0, 12.0, 18.0, 10.0, 16.0, 15.0, 11.0, 13.0, 8.0, 20.0, 4.0, 3.0, 2.0, 1.0, 0.0]
502 ; 2 ; 30.0 ; 100 ; 8 ; 5650 ; 610.004148689517 ; 791.9741346909655 ; 1098.4988489842221 ; 610.004148689517 ; [0.0, 1.0, 4.0, 9.0, 6.0, 7.0, 5.0, 14.0, 17.0, 13.0, 18.0, 12.0, 16.0, 10.0, 15.0, 11.0, 20.0, 2.0, 3.0, 8.0, 19.0, 0.0]
502 ; 2 ; 30.0 ; 100 ; 206 ; 140881 ; 394.5912631638567 ; 550.1717123971956 ; 892.3326997422604 ; 390.654900909852 ; [0.0, 8.0, 20.0, 13.0, 11.0, 15.0, 10.0, 18.0, 12.0, 17.0, 9.0, 14.0, 7.0, 6.0, 5.0, 19.0, 4.0, 3.0, 2.0, 1.0, 16.0, 0.0]
502 ; 2 ; 30.0 ; 100 ; 405 ; 124808 ; 371.94930766118176 ; 513.5734670764874 ; 873.2998980945683 ; 371.94930766118176 ; [0.0, 1.0, 2.0, 3.0, 4.0, 5.0, 14.0, 9.0, 17.0, 12.0, 18.0, 10.0, 16.0, 15.0, 11.0, 13.0, 20.0, 8.0, 7.0, 6.0, 19.0, 0.0]
502 ; 2 ; 30.0 ; 100 ; 603 ; 140726 ; 371.94930766118176 ; 493.9862077614284 ; 767.5332319277265 ; 371.94930766118176 ; [0.0, 1.0, 2.0, 3.0, 4.0, 5.0, 14.0, 9.0, 17.0, 12.0, 18.0, 10.0, 16.0, 15.0, 11.0, 13.0, 20.0, 8.0, 7.0, 6.0, 19.0, 0.0]
502 ; 2 ; 30.0 ; 100 ; 802 ; 118353 ; 371.94930766118176 ; 513.0156938857676 ; 794.4545790533979 ; 371.94930766118176 ; [0.0, 1.0, 2.0, 3.0, 4.0, 5.0, 14.0, 9.0, 17.0, 12.0, 18.0, 10.0, 16.0, 15.0, 11.0, 13.0, 20.0, 8.0, 7.0, 6.0, 19.0, 0.0]
502 ; 2 ; 30.0 ; 100 ; 1000 ; 103469 ; 371.94930766118176 ; 491.45329999882165 ; 714.7766035246652 ; 371.94930766118176 ; [0.0, 1.0, 2.0, 3.0, 4.0, 5.0, 14.0, 9.0, 17.0, 12.0, 18.0, 10.0, 16.0, 15.0, 11.0, 13.0, 20.0, 8.0, 7.0, 6.0, 19.0, 0.0]
502 ; 6 ; 1.0 ; 0 ; 8 ; 50 ; 688.2026303463235 ; 1038.3227096262133 ; 1350.3550827919594 ; 688.2026303463235 ; [0.0, 11.0, 10.0, 16.0, 13.0, 20.0, 4.0, 6.0, 7.0, 9.0, 14.0, 5.0, 2.0, 8.0, 17.0, 12.0, 15.0, 3.0, 1.0, 19.0, 18.0, 0.0]
502 ; 6 ; 1.0 ; 0 ; 206 ; 1148 ; 688.2026303463235 ; 1038.3227096262135 ; 1350.3550827919594 ; 688.2026303463235 ; [0.0, 11.0, 10.0, 16.0, 13.0, 20.0, 4.0, 6.0, 7.0, 9.0, 14.0, 5.0, 2.0, 8.0, 17.0, 12.0, 15.0, 3.0, 1.0, 19.0, 18.0, 0.0]
502 ; 6 ; 1.0 ; 0 ; 405 ; 1149 ; 688.2026303463235 ; 1038.3227096262135 ; 1350.3550827919594 ; 688.2026303463235 ; [0.0, 11.0, 10.0, 16.0, 13.0, 20.0, 4.0, 6.0, 7.0, 9.0, 14.0, 5.0, 2.0, 8.0, 17.0, 12.0, 15.0, 3.0, 1.0, 19.0, 18.0, 0.0]
502 ; 6 ; 1.0 ; 0 ; 603 ; 1148 ; 688.2026303463235 ; 1038.3227096262137 ; 1350.3550827919594 ; 688.2026303463235 ; [0.0, 11.0, 10.0, 16.0, 13.0, 20.0, 4.0, 6.0, 7.0, 9.0, 14.0, 5.0, 2.0, 8.0, 17.0, 12.0, 15.0, 3.0, 1.0, 19.0, 18.0, 0.0]
502 ; 6 ; 1.0 ; 0 ; 802 ; 1161 ; 688.2026303463235 ; 1038.3227096262128 ; 1350.3550827919594 ; 688.2026303463235 ; [0.0, 11.0, 10.0, 16.0, 13.0, 20.0, 4.0, 6.0, 7.0, 9.0, 14.0, 5.0, 2.0, 8.0, 17.0, 12.0, 15.0, 3.0, 1.0, 19.0, 18.0, 0.0]
502 ; 6 ; 1.0 ; 0 ; 1000 ; 1159 ; 688.2026303463235 ; 1038.3227096262137 ; 1350.3550827919594 ; 688.2026303463235 ; [0.0, 11.0, 10.0, 16.0, 13.0, 20.0, 4.0, 6.0, 7.0, 9.0, 14.0, 5.0, 2.0, 8.0, 17.0, 12.0, 15.0, 3.0, 1.0, 19.0, 18.0, 0.0]
502 ; 6 ; 1.0 ; 50 ; 8 ; 2138 ; 616.6868471000472 ; 736.7382907228076 ; 1135.925228138342 ; 616.6868471000472 ; [0.0, 14.0, 12.0, 17.0, 9.0, 20.0, 8.0, 15.0, 13.0, 7.0, 5.0, 6.0, 11.0, 16.0, 10.0, 18.0, 4.0, 19.0, 3.0, 2.0, 1.0, 0.0]
502 ; 6 ; 1.0 ; 50 ; 206 ; 52864 ; 543.8874764326702 ; 644.4827691506893 ; 777.7689132974799 ; 508.57190066959834 ; [0.0, 4.0, 20.0, 12.0, 17.0, 14.0, 7.0, 8.0, 13.0, 11.0, 16.0, 10.0, 18.0, 15.0, 9.0, 5.0, 6.0, 19.0, 3.0, 2.0, 1.0, 0.0]
502 ; 6 ; 1.0 ; 50 ; 405 ; 52628 ; 489.7552811972232 ; 584.9860722661142 ; 865.8265752722182 ; 489.7552811972232 ; [0.0, 1.0, 2.0, 3.0, 19.0, 6.0, 5.0, 9.0, 18.0, 10.0, 16.0, 15.0, 13.0, 8.0, 7.0, 14.0, 17.0, 12.0, 11.0, 20.0, 4.0, 0.0]
502 ; 6 ; 1.0 ; 50 ; 603 ; 57505 ; 489.7552811972232 ; 583.8248733233158 ; 826.6565395151882 ; 489.4183526382777 ; [0.0, 1.0, 2.0, 3.0, 19.0, 6.0, 5.0, 7.0, 9.0, 18.0, 10.0, 16.0, 15.0, 13.0, 8.0, 14.0, 17.0, 12.0, 11.0, 20.0, 4.0, 0.0]
502 ; 6 ; 1.0 ; 50 ; 802 ; 53981 ; 489.7552811972232 ; 582.2983034442368 ; 764.7354234675084 ; 489.4183526382777 ; [0.0, 1.0, 2.0, 3.0, 19.0, 6.0, 5.0, 7.0, 9.0, 18.0, 10.0, 16.0, 15.0, 13.0, 8.0, 14.0, 17.0, 12.0, 11.0, 20.0, 4.0, 0.0]
502 ; 6 ; 1.0 ; 50 ; 1000 ; 54192 ; 480.32492337496217 ; 578.6429116268256 ; 826.4271691380109 ; 479.51708987349946 ; [0.0, 20.0, 11.0, 12.0, 17.0, 7.0, 8.0, 13.0, 15.0, 16.0, 10.0, 18.0, 9.0, 14.0, 5.0, 6.0, 19.0, 4.0, 3.0, 2.0, 1.0, 0.0]
502 ; 6 ; 1.0 ; 100 ; 8 ; 4508 ; 676.293626556758 ; 761.9952060073574 ; 905.0831313140017 ; 676.293626556758 ; [0.0, 2.0, 1.0, 3.0, 15.0, 17.0, 11.0, 16.0, 12.0, 8.0, 14.0, 4.0, 9.0, 10.0, 18.0, 13.0, 20.0, 6.0, 7.0, 19.0, 5.0, 0.0]
502 ; 6 ; 1.0 ; 100 ; 206 ; 102474 ; 577.7339043731828 ; 670.8682485659479 ; 800.9744944163834 ; 577.7339043731828 ; [0.0, 4.0, 7.0, 6.0, 5.0, 19.0, 20.0, 13.0, 18.0, 10.0, 9.0, 14.0, 12.0, 16.0, 11.0, 17.0, 15.0, 8.0, 3.0, 2.0, 1.0, 0.0]
502 ; 6 ; 1.0 ; 100 ; 405 ; 107719 ; 535.835218216285 ; 625.2833864407935 ; 740.7506440769872 ; 526.8597598322285 ; [0.0, 3.0, 8.0, 11.0, 15.0, 17.0, 16.0, 12.0, 9.0, 10.0, 18.0, 13.0, 20.0, 14.0, 5.0, 6.0, 7.0, 19.0, 4.0, 1.0, 2.0, 0.0]
502 ; 6 ; 1.0 ; 100 ; 603 ; 118629 ; 526.5060842205015 ; 620.0113202762531 ; 884.8416919134013 ; 518.6642029463934 ; [0.0, 1.0, 2.0, 3.0, 14.0, 8.0, 11.0, 15.0, 17.0, 16.0, 12.0, 9.0, 10.0, 18.0, 13.0, 20.0, 7.0, 19.0, 5.0, 6.0, 4.0, 0.0]
502 ; 6 ; 1.0 ; 100 ; 802 ; 112752 ; 510.17117996846576 ; 600.0757979501681 ; 715.0866058291678 ; 510.17117996846576 ; [0.0, 4.0, 7.0, 14.0, 5.0, 19.0, 6.0, 20.0, 13.0, 18.0, 10.0, 9.0, 12.0, 16.0, 17.0, 15.0, 11.0, 8.0, 3.0, 2.0, 1.0, 0.0]
502 ; 6 ; 1.0 ; 100 ; 1000 ; 111712 ; 510.17117996846576 ; 598.5846557904789 ; 715.0866058291678 ; 510.17117996846576 ; [0.0, 4.0, 7.0, 14.0, 5.0, 19.0, 6.0, 20.0, 13.0, 18.0, 10.0, 9.0, 12.0, 16.0, 17.0, 15.0, 11.0, 8.0, 3.0, 2.0, 1.0, 0.0]
502 ; 6 ; 16.0 ; 0 ; 8 ; 72 ; 726.7370206244789 ; 1030.6428201880083 ; 1371.5190308268473 ; 726.7370206244789 ; [0.0, 4.0, 19.0, 1.0, 17.0, 11.0, 18.0, 9.0, 15.0, 16.0, 20.0, 7.0, 2.0, 3.0, 5.0, 6.0, 8.0, 14.0, 12.0, 10.0, 13.0, 0.0]
502 ; 6 ; 16.0 ; 0 ; 206 ; 1507 ; 726.7370206244789 ; 1030.6428201880083 ; 1371.5190308268473 ; 726.7370206244789 ; [0.0, 4.0, 19.0, 1.0, 17.0, 11.0, 18.0, 9.0, 15.0, 16.0, 20.0, 7.0, 2.0, 3.0, 5.0, 6.0, 8.0, 14.0, 12.0, 10.0, 13.0, 0.0]
502 ; 6 ; 16.0 ; 0 ; 405 ; 1386 ; 726.7370206244789 ; 1030.6428201880078 ; 1371.5190308268473 ; 726.7370206244789 ; [0.0, 4.0, 19.0, 1.0, 17.0, 11.0, 18.0, 9.0, 15.0, 16.0, 20.0, 7.0, 2.0, 3.0, 5.0, 6.0, 8.0, 14.0, 12.0, 10.0, 13.0, 0.0]
502 ; 6 ; 16.0 ; 0 ; 603 ; 1610 ; 726.7370206244789 ; 1030.6428201880083 ; 1371.5190308268473 ; 726.7370206244789 ; [0.0, 4.0, 19.0, 1.0, 17.0, 11.0, 18.0, 9.0, 15.0, 16.0, 20.0, 7.0, 2.0, 3.0, 5.0, 6.0, 8.0, 14.0, 12.0, 10.0, 13.0, 0.0]
502 ; 6 ; 16.0 ; 0 ; 802 ; 1520 ; 726.7370206244789 ; 1030.6428201880076 ; 1371.5190308268473 ; 726.7370206244789 ; [0.0, 4.0, 19.0, 1.0, 17.0, 11.0, 18.0, 9.0, 15.0, 16.0, 20.0, 7.0, 2.0, 3.0, 5.0, 6.0, 8.0, 14.0, 12.0, 10.0, 13.0, 0.0]
502 ; 6 ; 16.0 ; 0 ; 1000 ; 1472 ; 726.7370206244789 ; 1030.6428201880085 ; 1371.5190308268473 ; 726.7370206244789 ; [0.0, 4.0, 19.0, 1.0, 17.0, 11.0, 18.0, 9.0, 15.0, 16.0, 20.0, 7.0, 2.0, 3.0, 5.0, 6.0, 8.0, 14.0, 12.0, 10.0, 13.0, 0.0]
502 ; 6 ; 16.0 ; 50 ; 8 ; 2252 ; 694.5449785546585 ; 826.5305677869595 ; 1163.9667976141786 ; 680.87485291285 ; [0.0, 5.0, 8.0, 19.0, 4.0, 7.0, 15.0, 12.0, 10.0, 16.0, 18.0, 17.0, 20.0, 13.0, 2.0, 1.0, 14.0, 6.0, 9.0, 3.0, 11.0, 0.0]
502 ; 6 ; 16.0 ; 50 ; 206 ; 57846 ; 466.69854784175595 ; 593.6583851675152 ; 964.8504006563019 ; 466.69854784175595 ; [0.0, 19.0, 6.0, 5.0, 14.0, 9.0, 11.0, 18.0, 15.0, 12.0, 10.0, 16.0, 17.0, 13.0, 20.0, 8.0, 7.0, 4.0, 3.0, 2.0, 1.0, 0.0]
502 ; 6 ; 16.0 ; 50 ; 405 ; 58656 ; 422.5678864341702 ; 540.0923052811014 ; 953.765005847307 ; 399.61138714605903 ; [0.0, 4.0, 19.0, 5.0, 14.0, 9.0, 18.0, 10.0, 16.0, 12.0, 17.0, 15.0, 13.0, 11.0, 20.0, 8.0, 7.0, 3.0, 2.0, 1.0, 6.0, 0.0]
502 ; 6 ; 16.0 ; 50 ; 603 ; 59449 ; 392.3187420762729 ; 522.8523633871116 ; 823.6954627831467 ; 392.3187420762729 ; [0.0, 19.0, 5.0, 14.0, 9.0, 18.0, 10.0, 16.0, 12.0, 17.0, 15.0, 13.0, 11.0, 20.0, 8.0, 7.0, 6.0, 4.0, 3.0, 2.0, 1.0, 0.0]
502 ; 6 ; 16.0 ; 50 ; 802 ; 59219 ; 379.3973347081771 ; 503.7717366254926 ; 798.0088343351418 ; 379.3973347081771 ; [0.0, 19.0, 5.0, 14.0, 9.0, 17.0, 18.0, 10.0, 16.0, 12.0, 15.0, 13.0, 11.0, 20.0, 8.0, 7.0, 6.0, 4.0, 3.0, 2.0, 1.0, 0.0]
502 ; 6 ; 16.0 ; 50 ; 1000 ; 51600 ; 379.3973347081771 ; 509.4551098295079 ; 906.7099687594008 ; 379.3973347081771 ; [0.0, 19.0, 5.0, 14.0, 9.0, 17.0, 18.0, 10.0, 16.0, 12.0, 15.0, 13.0, 11.0, 20.0, 8.0, 7.0, 6.0, 4.0, 3.0, 2.0, 1.0, 0.0]
502 ; 6 ; 16.0 ; 100 ; 8 ; 4124 ; 574.1434403629327 ; 667.5976299655655 ; 854.0604020505584 ; 574.1434403629327 ; [0.0, 19.0, 4.0, 7.0, 6.0, 12.0, 13.0, 11.0, 15.0, 10.0, 16.0, 9.0, 18.0, 17.0, 5.0, 14.0, 20.0, 8.0, 3.0, 1.0, 2.0, 0.0]
502 ; 6 ; 16.0 ; 100 ; 206 ; 104481 ; 427.0743999728487 ; 543.0526583855673 ; 802.5426668032716 ; 427.0743999728487 ; [0.0, 4.0, 19.0, 5.0, 6.0, 7.0, 14.0, 9.0, 12.0, 13.0, 15.0, 10.0, 16.0, 18.0, 17.0, 11.0, 8.0, 20.0, 3.0, 2.0, 1.0, 0.0]
502 ; 6 ; 16.0 ; 100 ; 405 ; 105228 ; 400.1392768358037 ; 511.28576726395573 ; 800.366657965982 ; 400.1392768358037 ; [0.0, 1.0, 2.0, 3.0, 20.0, 8.0, 13.0, 11.0, 17.0, 18.0, 16.0, 10.0, 15.0, 12.0, 9.0, 14.0, 7.0, 6.0, 5.0, 19.0, 4.0, 0.0]
502 ; 6 ; 16.0 ; 100 ; 603 ; 104579 ; 400.1392768358037 ; 508.9096875810256 ; 761.6517007675602 ; 400.1392768358037 ; [0.0, 1.0, 2.0, 3.0, 20.0, 8.0, 13.0, 11.0, 17.0, 18.0, 16.0, 10.0, 15.0, 12.0, 9.0, 14.0, 7.0, 6.0, 5.0, 19.0, 4.0, 0.0]
502 ; 6 ; 16.0 ; 100 ; 802 ; 105962 ; 389.6627224105772 ; 493.72604193202363 ; 643.6366423365213 ; 389.6627224105772 ; [0.0, 1.0, 2.0, 3.0, 20.0, 8.0, 11.0, 13.0, 15.0, 17.0, 18.0, 16.0, 10.0, 12.0, 9.0, 14.0, 7.0, 6.0, 5.0, 19.0, 4.0, 0.0]
502 ; 6 ; 16.0 ; 100 ; 1000 ; 124507 ; 389.6627224105772 ; 497.00360843977273 ; 658.2303174650057 ; 388.1322316157195 ; [0.0, 4.0, 19.0, 5.0, 6.0, 7.0, 14.0, 9.0, 12.0, 10.0, 16.0, 18.0, 17.0, 15.0, 11.0, 8.0, 20.0, 3.0, 2.0, 1.0, 13.0, 0.0]
502 ; 6 ; 30.0 ; 0 ; 8 ; 60 ; 696.8025747377706 ; 1044.2045819093987 ; 1392.8948336217438 ; 696.8025747377706 ; [0.0, 8.0, 9.0, 15.0, 17.0, 13.0, 16.0, 12.0, 18.0, 6.0, 19.0, 11.0, 2.0, 4.0, 7.0, 14.0, 3.0, 5.0, 20.0, 1.0, 10.0, 0.0]
502 ; 6 ; 30.0 ; 0 ; 206 ; 1513 ; 696.8025747377706 ; 1044.2045819093987 ; 1392.8948336217438 ; 696.8025747377706 ; [0.0, 8.0, 9.0, 15.0, 17.0, 13.0, 16.0, 12.0, 18.0, 6.0, 19.0, 11.0, 2.0, 4.0, 7.0, 14.0, 3.0, 5.0, 20.0, 1.0, 10.0, 0.0]
502 ; 6 ; 30.0 ; 0 ; 405 ; 1594 ; 696.8025747377706 ; 1044.2045819093983 ; 1392.8948336217438 ; 696.8025747377706 ; [0.0, 8.0, 9.0, 15.0, 17.0, 13.0, 16.0, 12.0, 18.0, 6.0, 19.0, 11.0, 2.0, 4.0, 7.0, 14.0, 3.0, 5.0, 20.0, 1.0, 10.0, 0.0]
502 ; 6 ; 30.0 ; 0 ; 603 ; 1560 ; 696.8025747377706 ; 1044.204581909399 ; 1392.8948336217438 ; 696.8025747377706 ; [0.0, 8.0, 9.0, 15.0, 17.0, 13.0, 16.0, 12.0, 18.0, 6.0, 19.0, 11.0, 2.0, 4.0, 7.0, 14.0, 3.0, 5.0, 20.0, 1.0, 10.0, 0.0]
502 ; 6 ; 30.0 ; 0 ; 802 ; 1545 ; 696.8025747377706 ; 1044.204581909399 ; 1392.8948336217438 ; 696.8025747377706 ; [0.0, 8.0, 9.0, 15.0, 17.0, 13.0, 16.0, 12.0, 18.0, 6.0, 19.0, 11.0, 2.0, 4.0, 7.0, 14.0, 3.0, 5.0, 20.0, 1.0, 10.0, 0.0]
502 ; 6 ; 30.0 ; 0 ; 1000 ; 1565 ; 696.8025747377706 ; 1044.2045819093987 ; 1392.8948336217438 ; 696.8025747377706 ; [0.0, 8.0, 9.0, 15.0, 17.0, 13.0, 16.0, 12.0, 18.0, 6.0, 19.0, 11.0, 2.0, 4.0, 7.0, 14.0, 3.0, 5.0, 20.0, 1.0, 10.0, 0.0]
502 ; 6 ; 30.0 ; 50 ; 8 ; 2385 ; 648.1512592810058 ; 814.1152393354217 ; 1192.4566328119156 ; 648.1512592810058 ; [0.0, 12.0, 18.0, 13.0, 11.0, 8.0, 9.0, 7.0, 6.0, 3.0, 4.0, 19.0, 5.0, 20.0, 15.0, 10.0, 16.0, 17.0, 14.0, 2.0, 1.0, 0.0]
502 ; 6 ; 30.0 ; 50 ; 206 ; 62280 ; 433.3501895987371 ; 585.1262854678699 ; 913.4729706155234 ; 431.2684500287977 ; [0.0, 19.0, 6.0, 7.0, 8.0, 20.0, 11.0, 18.0, 12.0, 17.0, 16.0, 10.0, 15.0, 9.0, 14.0, 5.0, 4.0, 3.0, 2.0, 1.0, 13.0, 0.0]
502 ; 6 ; 30.0 ; 50 ; 405 ; 52960 ; 413.11097593500335 ; 560.3504228987081 ; 942.003106189946 ; 413.11097593500335 ; [0.0, 1.0, 2.0, 3.0, 4.0, 19.0, 5.0, 14.0, 9.0, 15.0, 10.0, 16.0, 18.0, 17.0, 12.0, 13.0, 11.0, 20.0, 8.0, 7.0, 6.0, 0.0]
502 ; 6 ; 30.0 ; 50 ; 603 ; 53394 ; 397.36720613898297 ; 532.5146944181821 ; 843.5981817850495 ; 397.36720613898297 ; [0.0, 4.0, 19.0, 5.0, 14.0, 9.0, 10.0, 16.0, 18.0, 17.0, 12.0, 15.0, 11.0, 13.0, 20.0, 8.0, 7.0, 6.0, 3.0, 2.0, 1.0, 0.0]
502 ; 6 ; 30.0 ; 50 ; 802 ; 54232 ; 389.09838256993356 ; 504.64781723752293 ; 865.2614500762011 ; 381.80573750014736 ; [0.0, 8.0, 5.0, 14.0, 9.0, 17.0, 10.0, 16.0, 18.0, 12.0, 15.0, 11.0, 13.0, 20.0, 7.0, 6.0, 4.0, 3.0, 2.0, 1.0, 19.0, 0.0]
502 ; 6 ; 30.0 ; 50 ; 1000 ; 52591 ; 381.80573750014736 ; 547.6837006587365 ; 927.7020143011398 ; 374.2361798340195 ; [0.0, 19.0, 5.0, 14.0, 9.0, 17.0, 18.0, 10.0, 16.0, 12.0, 15.0, 11.0, 13.0, 20.0, 8.0, 7.0, 6.0, 4.0, 3.0, 2.0, 1.0, 0.0]
502 ; 6 ; 30.0 ; 100 ; 8 ; 4270 ; 661.3247659185738 ; 778.0561594906062 ; 1027.1207804138567 ; 661.3247659185738 ; [0.0, 19.0, 4.0, 7.0, 3.0, 2.0, 5.0, 18.0, 10.0, 17.0, 15.0, 16.0, 11.0, 14.0, 20.0, 8.0, 9.0, 12.0, 13.0, 6.0, 1.0, 0.0]
502 ; 6 ; 30.0 ; 100 ; 206 ; 104876 ; 392.94197544604305 ; 505.48353803002215 ; 742.5515969165472 ; 390.8602358761036 ; [0.0, 1.0, 2.0, 3.0, 4.0, 5.0, 14.0, 8.0, 20.0, 13.0, 11.0, 15.0, 16.0, 10.0, 18.0, 12.0, 17.0, 9.0, 7.0, 6.0, 19.0, 0.0]
502 ; 6 ; 30.0 ; 100 ; 405 ; 104542 ; 389.43856533758367 ; 493.84904202226807 ; 661.4279869311572 ; 378.55106631877493 ; [0.0, 19.0, 6.0, 14.0, 9.0, 17.0, 12.0, 18.0, 10.0, 16.0, 15.0, 11.0, 13.0, 20.0, 8.0, 7.0, 5.0, 4.0, 3.0, 2.0, 1.0, 0.0]
502 ; 6 ; 30.0 ; 100 ; 603 ; 105882 ; 365.21417198965077 ; 478.2774172708513 ; 759.2252559287239 ; 365.21417198965077 ; [0.0, 4.0, 19.0, 5.0, 6.0, 7.0, 14.0, 17.0, 12.0, 18.0, 10.0, 16.0, 15.0, 11.0, 13.0, 8.0, 20.0, 3.0, 2.0, 1.0, 9.0, 0.0]
502 ; 6 ; 30.0 ; 100 ; 802 ; 107505 ; 365.21417198965077 ; 477.44689922597973 ; 729.182079534018 ; 365.21417198965077 ; [0.0, 4.0, 19.0, 5.0, 6.0, 7.0, 14.0, 17.0, 12.0, 18.0, 10.0, 16.0, 15.0, 11.0, 13.0, 8.0, 20.0, 3.0, 2.0, 1.0, 9.0, 0.0]
502 ; 6 ; 30.0 ; 100 ; 1000 ; 106877 ; 365.21417198965077 ; 472.09877717180694 ; 766.7485771243629 ; 365.21417198965077 ; [0.0, 4.0, 19.0, 5.0, 6.0, 7.0, 14.0, 17.0, 12.0, 18.0, 10.0, 16.0, 15.0, 11.0, 13.0, 8.0, 20.0, 3.0, 2.0, 1.0, 9.0, 0.0]
502 ; 10 ; 1.0 ; 0 ; 8 ; 52 ; 701.9137465213673 ; 1033.37602573362 ; 1325.6151638078925 ; 701.9137465213673 ; [0.0, 4.0, 5.0, 16.0, 17.0, 18.0, 12.0, 10.0, 11.0, 8.0, 15.0, 7.0, 6.0, 3.0, 9.0, 13.0, 20.0, 14.0, 19.0, 2.0, 1.0, 0.0]
502 ; 10 ; 1.0 ; 0 ; 206 ; 1171 ; 701.9137465213673 ; 1033.3760257336205 ; 1325.6151638078925 ; 701.9137465213673 ; [0.0, 4.0, 5.0, 16.0, 17.0, 18.0, 12.0, 10.0, 11.0, 8.0, 15.0, 7.0, 6.0, 3.0, 9.0, 13.0, 20.0, 14.0, 19.0, 2.0, 1.0, 0.0]
502 ; 10 ; 1.0 ; 0 ; 405 ; 1185 ; 701.9137465213673 ; 1033.3760257336198 ; 1325.6151638078925 ; 701.9137465213673 ; [0.0, 4.0, 5.0, 16.0, 17.0, 18.0, 12.0, 10.0, 11.0, 8.0, 15.0, 7.0, 6.0, 3.0, 9.0, 13.0, 20.0, 14.0, 19.0, 2.0, 1.0, 0.0]
502 ; 10 ; 1.0 ; 0 ; 603 ; 1185 ; 701.9137465213673 ; 1033.37602573362 ; 1325.6151638078925 ; 701.9137465213673 ; [0.0, 4.0, 5.0, 16.0, 17.0, 18.0, 12.0, 10.0, 11.0, 8.0, 15.0, 7.0, 6.0, 3.0, 9.0, 13.0, 20.0, 14.0, 19.0, 2.0, 1.0, 0.0]
502 ; 10 ; 1.0 ; 0 ; 802 ; 1199 ; 701.9137465213673 ; 1033.37602573362 ; 1325.6151638078925 ; 701.9137465213673 ; [0.0, 4.0, 5.0, 16.0, 17.0, 18.0, 12.0, 10.0, 11.0, 8.0, 15.0, 7.0, 6.0, 3.0, 9.0, 13.0, 20.0, 14.0, 19.0, 2.0, 1.0, 0.0]
502 ; 10 ; 1.0 ; 0 ; 1000 ; 1194 ; 701.9137465213673 ; 1033.3760257336203 ; 1325.6151638078925 ; 701.9137465213673 ; [0.0, 4.0, 5.0, 16.0, 17.0, 18.0, 12.0, 10.0, 11.0, 8.0, 15.0, 7.0, 6.0, 3.0, 9.0, 13.0, 20.0, 14.0, 19.0, 2.0, 1.0, 0.0]
502 ; 10 ; 1.0 ; 50 ; 8 ; 2179 ; 737.1125922613754 ; 823.5352010361553 ; 1092.3801064436884 ; 723.8048363254403 ; [0.0, 14.0, 8.0, 15.0, 9.0, 11.0, 4.0, 3.0, 1.0, 12.0, 16.0, 18.0, 6.0, 7.0, 19.0, 5.0, 20.0, 13.0, 17.0, 2.0, 10.0, 0.0]
502 ; 10 ; 1.0 ; 50 ; 206 ; 53865 ; 526.6324254413158 ; 624.6479986454974 ; 920.9785901981239 ; 526.6324254413158 ; [0.0, 1.0, 2.0, 3.0, 19.0, 14.0, 9.0, 20.0, 8.0, 13.0, 15.0, 10.0, 12.0, 11.0, 16.0, 18.0, 17.0, 5.0, 6.0, 7.0, 4.0, 0.0]
502 ; 10 ; 1.0 ; 50 ; 405 ; 53100 ; 516.0517232818233 ; 606.0928286398896 ; 803.6900077415182 ; 516.0517232818233 ; [0.0, 1.0, 2.0, 3.0, 6.0, 19.0, 5.0, 14.0, 9.0, 20.0, 8.0, 13.0, 15.0, 10.0, 12.0, 11.0, 16.0, 18.0, 17.0, 7.0, 4.0, 0.0]
502 ; 10 ; 1.0 ; 50 ; 603 ; 53019 ; 509.49513389674115 ; 602.4048141745225 ; 710.9641611922837 ; 509.49513389674115 ; [0.0, 1.0, 2.0, 3.0, 6.0, 5.0, 14.0, 9.0, 20.0, 8.0, 13.0, 15.0, 10.0, 12.0, 11.0, 16.0, 18.0, 17.0, 7.0, 4.0, 19.0, 0.0]
502 ; 10 ; 1.0 ; 50 ; 802 ; 55259 ; 509.49513389674115 ; 605.0845412235681 ; 736.4662095095993 ; 509.49513389674115 ; [0.0, 1.0, 2.0, 3.0, 6.0, 5.0, 14.0, 9.0, 20.0, 8.0, 13.0, 15.0, 10.0, 12.0, 11.0, 16.0, 18.0, 17.0, 7.0, 4.0, 19.0, 0.0]
502 ; 10 ; 1.0 ; 50 ; 1000 ; 59346 ; 506.68190714163677 ; 600.569251894368 ; 807.6907243757151 ; 506.68190714163677 ; [0.0, 1.0, 2.0, 3.0, 19.0, 6.0, 5.0, 14.0, 9.0, 20.0, 8.0, 13.0, 15.0, 10.0, 12.0, 11.0, 16.0, 18.0, 17.0, 7.0, 4.0, 0.0]
502 ; 10 ; 1.0 ; 100 ; 8 ; 4844 ; 667.4410674971772 ; 753.5971166330614 ; 865.4953091682436 ; 667.4410674971772 ; [0.0, 4.0, 19.0, 2.0, 20.0, 13.0, 10.0, 9.0, 14.0, 7.0, 6.0, 5.0, 15.0, 12.0, 17.0, 8.0, 16.0, 18.0, 11.0, 3.0, 1.0, 0.0]
502 ; 10 ; 1.0 ; 100 ; 206 ; 106931 ; 552.2715651652542 ; 642.5354085998705 ; 891.8908440310511 ; 552.2715651652542 ; [0.0, 1.0, 2.0, 3.0, 8.0, 11.0, 18.0, 16.0, 17.0, 12.0, 15.0, 14.0, 5.0, 6.0, 7.0, 9.0, 10.0, 13.0, 20.0, 19.0, 4.0, 0.0]
502 ; 10 ; 1.0 ; 100 ; 405 ; 103099 ; 552.2715651652542 ; 643.1981073848506 ; 750.3258068363205 ; 552.2715651652542 ; [0.0, 1.0, 2.0, 3.0, 8.0, 11.0, 18.0, 16.0, 17.0, 12.0, 15.0, 14.0, 5.0, 6.0, 7.0, 9.0, 10.0, 13.0, 20.0, 19.0, 4.0, 0.0]
502 ; 10 ; 1.0 ; 100 ; 603 ; 103615 ; 547.18424357328 ; 637.9174542639074 ; 765.0915604180931 ; 547.18424357328 ; [0.0, 19.0, 4.0, 20.0, 13.0, 10.0, 9.0, 7.0, 6.0, 5.0, 14.0, 15.0, 12.0, 17.0, 16.0, 18.0, 11.0, 8.0, 3.0, 2.0, 1.0, 0.0]
502 ; 10 ; 1.0 ; 100 ; 802 ; 103909 ; 547.18424357328 ; 639.6189777362995 ; 748.6532708688223 ; 547.18424357328 ; [0.0, 19.0, 4.0, 20.0, 13.0, 10.0, 9.0, 7.0, 6.0, 5.0, 14.0, 15.0, 12.0, 17.0, 16.0, 18.0, 11.0, 8.0, 3.0, 2.0, 1.0, 0.0]
502 ; 10 ; 1.0 ; 100 ; 1000 ; 117819 ; 547.18424357328 ; 637.6040105712176 ; 748.6532708688223 ; 547.18424357328 ; [0.0, 19.0, 4.0, 20.0, 13.0, 10.0, 9.0, 7.0, 6.0, 5.0, 14.0, 15.0, 12.0, 17.0, 16.0, 18.0, 11.0, 8.0, 3.0, 2.0, 1.0, 0.0]
502 ; 10 ; 16.0 ; 0 ; 8 ; 53 ; 630.9818582258107 ; 1045.2230205925514 ; 1331.2427940275918 ; 630.9818582258107 ; [0.0, 9.0, 16.0, 2.0, 8.0, 4.0, 20.0, 3.0, 19.0, 1.0, 5.0, 7.0, 14.0, 6.0, 13.0, 11.0, 12.0, 18.0, 17.0, 10.0, 15.0, 0.0]
502 ; 10 ; 16.0 ; 0 ; 206 ; 1640 ; 630.9818582258107 ; 1045.2230205925498 ; 1331.2427940275918 ; 630.9818582258107 ; [0.0, 9.0, 16.0, 2.0, 8.0, 4.0, 20.0, 3.0, 19.0, 1.0, 5.0, 7.0, 14.0, 6.0, 13.0, 11.0, 12.0, 18.0, 17.0, 10.0, 15.0, 0.0]
502 ; 10 ; 16.0 ; 0 ; 405 ; 1743 ; 630.9818582258107 ; 1045.223020592551 ; 1331.2427940275918 ; 630.9818582258107 ; [0.0, 9.0, 16.0, 2.0, 8.0, 4.0, 20.0, 3.0, 19.0, 1.0, 5.0, 7.0, 14.0, 6.0, 13.0, 11.0, 12.0, 18.0, 17.0, 10.0, 15.0, 0.0]
502 ; 10 ; 16.0 ; 0 ; 603 ; 1668 ; 630.9818582258107 ; 1045.2230205925512 ; 1331.2427940275918 ; 630.9818582258107 ; [0.0, 9.0, 16.0, 2.0, 8.0, 4.0, 20.0, 3.0, 19.0, 1.0, 5.0, 7.0, 14.0, 6.0, 13.0, 11.0, 12.0, 18.0, 17.0, 10.0, 15.0, 0.0]
502 ; 10 ; 16.0 ; 0 ; 802 ; 1637 ; 630.9818582258107 ; 1045.2230205925505 ; 1331.2427940275918 ; 630.9818582258107 ; [0.0, 9.0, 16.0, 2.0, 8.0, 4.0, 20.0, 3.0, 19.0, 1.0, 5.0, 7.0, 14.0, 6.0, 13.0, 11.0, 12.0, 18.0, 17.0, 10.0, 15.0, 0.0]
502 ; 10 ; 16.0 ; 0 ; 1000 ; 1928 ; 630.9818582258107 ; 1045.223020592551 ; 1331.2427940275918 ; 630.9818582258107 ; [0.0, 9.0, 16.0, 2.0, 8.0, 4.0, 20.0, 3.0, 19.0, 1.0, 5.0, 7.0, 14.0, 6.0, 13.0, 11.0, 12.0, 18.0, 17.0, 10.0, 15.0, 0.0]
502 ; 10 ; 16.0 ; 50 ; 8 ; 2477 ; 633.5265907933489 ; 749.6543905116667 ; 1276.0080430214416 ; 633.5265907933489 ; [0.0, 1.0, 20.0, 4.0, 6.0, 3.0, 2.0, 5.0, 19.0, 15.0, 13.0, 12.0, 16.0, 10.0, 11.0, 17.0, 18.0, 9.0, 8.0, 7.0, 14.0, 0.0]
502 ; 10 ; 16.0 ; 50 ; 206 ; 56365 ; 433.76143613543496 ; 540.0779317368351 ; 861.3250066672815 ; 433.76143613543496 ; [0.0, 4.0, 19.0, 5.0, 14.0, 9.0, 18.0, 17.0, 16.0, 12.0, 15.0, 13.0, 11.0, 7.0, 6.0, 8.0, 20.0, 3.0, 2.0, 1.0, 10.0, 0.0]
502 ; 10 ; 16.0 ; 50 ; 405 ; 53342 ; 414.21860762258484 ; 540.2102158610826 ; 818.9756918619797 ; 409.36762536999544 ; [0.0, 4.0, 19.0, 6.0, 5.0, 7.0, 14.0, 9.0, 18.0, 17.0, 10.0, 16.0, 12.0, 15.0, 11.0, 8.0, 20.0, 3.0, 2.0, 1.0, 13.0, 0.0]
502 ; 10 ; 16.0 ; 50 ; 603 ; 52522 ; 409.3676253699954 ; 515.6233529008422 ; 704.895854365057 ; 409.3676253699954 ; [0.0, 1.0, 2.0, 3.0, 20.0, 8.0, 11.0, 13.0, 15.0, 12.0, 16.0, 10.0, 17.0, 18.0, 9.0, 14.0, 7.0, 5.0, 6.0, 19.0, 4.0, 0.0]
502 ; 10 ; 16.0 ; 50 ; 802 ; 52718 ; 402.6711121768925 ; 522.6254215011492 ; 860.0792710803105 ; 402.6711121768925 ; [0.0, 1.0, 2.0, 3.0, 20.0, 8.0, 11.0, 13.0, 15.0, 12.0, 16.0, 10.0, 17.0, 18.0, 9.0, 14.0, 7.0, 6.0, 5.0, 19.0, 4.0, 0.0]
502 ; 10 ; 16.0 ; 50 ; 1000 ; 59271 ; 402.6711121768925 ; 539.7102060731977 ; 986.342072818386 ; 402.6711121768925 ; [0.0, 1.0, 2.0, 3.0, 20.0, 8.0, 11.0, 13.0, 15.0, 12.0, 16.0, 10.0, 17.0, 18.0, 9.0, 14.0, 7.0, 6.0, 5.0, 19.0, 4.0, 0.0]
502 ; 10 ; 16.0 ; 100 ; 8 ; 5060 ; 623.4380867623383 ; 722.2127891406143 ; 977.2062877981042 ; 623.4380867623383 ; [0.0, 1.0, 2.0, 13.0, 20.0, 8.0, 17.0, 12.0, 14.0, 7.0, 19.0, 6.0, 4.0, 3.0, 11.0, 10.0, 18.0, 16.0, 15.0, 9.0, 5.0, 0.0]
502 ; 10 ; 16.0 ; 100 ; 206 ; 104707 ; 503.2927842215484 ; 599.213977278823 ; 847.2891671245746 ; 499.1176459363017 ; [0.0, 4.0, 19.0, 5.0, 6.0, 9.0, 15.0, 16.0, 18.0, 10.0, 13.0, 11.0, 7.0, 14.0, 12.0, 17.0, 8.0, 20.0, 3.0, 1.0, 2.0, 0.0]
502 ; 10 ; 16.0 ; 100 ; 405 ; 105442 ; 499.1176459363017 ; 596.6437100291183 ; 870.7674395815102 ; 499.1176459363017 ; [0.0, 4.0, 19.0, 5.0, 6.0, 9.0, 15.0, 16.0, 18.0, 10.0, 13.0, 11.0, 7.0, 14.0, 12.0, 17.0, 8.0, 20.0, 3.0, 1.0, 2.0, 0.0]
502 ; 10 ; 16.0 ; 100 ; 603 ; 103886 ; 443.6757135191036 ; 546.262531299433 ; 815.36322833732 ; 433.567263625211 ; [0.0, 4.0, 19.0, 6.0, 5.0, 7.0, 14.0, 9.0, 16.0, 18.0, 10.0, 11.0, 13.0, 15.0, 12.0, 17.0, 8.0, 20.0, 3.0, 2.0, 1.0, 0.0]
502 ; 10 ; 16.0 ; 100 ; 802 ; 104899 ; 426.87075043210814 ; 527.3177440952022 ; 736.1825894165003 ; 426.87075043210814 ; [0.0, 4.0, 19.0, 5.0, 6.0, 7.0, 14.0, 9.0, 16.0, 18.0, 10.0, 11.0, 13.0, 15.0, 12.0, 17.0, 8.0, 20.0, 3.0, 2.0, 1.0, 0.0]
502 ; 10 ; 16.0 ; 100 ; 1000 ; 117085 ; 426.87075043210814 ; 522.9679647353618 ; 680.8446703580521 ; 426.22284848305475 ; [0.0, 4.0, 19.0, 5.0, 6.0, 7.0, 14.0, 9.0, 10.0, 16.0, 18.0, 11.0, 13.0, 15.0, 12.0, 17.0, 8.0, 20.0, 3.0, 2.0, 1.0, 0.0]
502 ; 10 ; 30.0 ; 0 ; 8 ; 54 ; 704.1898835407316 ; 1038.7513562123104 ; 1407.5510667667543 ; 704.1898835407316 ; [0.0, 13.0, 17.0, 15.0, 10.0, 16.0, 12.0, 7.0, 9.0, 20.0, 18.0, 11.0, 19.0, 4.0, 14.0, 6.0, 5.0, 8.0, 2.0, 1.0, 3.0, 0.0]
502 ; 10 ; 30.0 ; 0 ; 206 ; 1609 ; 704.1898835407316 ; 1038.7513562123108 ; 1407.5510667667543 ; 704.1898835407316 ; [0.0, 13.0, 17.0, 15.0, 10.0, 16.0, 12.0, 7.0, 9.0, 20.0, 18.0, 11.0, 19.0, 4.0, 14.0, 6.0, 5.0, 8.0, 2.0, 1.0, 3.0, 0.0]
502 ; 10 ; 30.0 ; 0 ; 405 ; 1818 ; 704.1898835407316 ; 1038.75135621231 ; 1407.5510667667543 ; 704.1898835407316 ; [0.0, 13.0, 17.0, 15.0, 10.0, 16.0, 12.0, 7.0, 9.0, 20.0, 18.0, 11.0, 19.0, 4.0, 14.0, 6.0, 5.0, 8.0, 2.0, 1.0, 3.0, 0.0]
502 ; 10 ; 30.0 ; 0 ; 603 ; 1815 ; 704.1898835407316 ; 1038.7513562123104 ; 1407.5510667667543 ; 704.1898835407316 ; [0.0, 13.0, 17.0, 15.0, 10.0, 16.0, 12.0, 7.0, 9.0, 20.0, 18.0, 11.0, 19.0, 4.0, 14.0, 6.0, 5.0, 8.0, 2.0, 1.0, 3.0, 0.0]
502 ; 10 ; 30.0 ; 0 ; 802 ; 1838 ; 704.1898835407316 ; 1038.75135621231 ; 1407.5510667667543 ; 704.1898835407316 ; [0.0, 13.0, 17.0, 15.0, 10.0, 16.0, 12.0, 7.0, 9.0, 20.0, 18.0, 11.0, 19.0, 4.0, 14.0, 6.0, 5.0, 8.0, 2.0, 1.0, 3.0, 0.0]
502 ; 10 ; 30.0 ; 0 ; 1000 ; 1607 ; 704.1898835407316 ; 1038.7513562123097 ; 1407.5510667667543 ; 704.1898835407316 ; [0.0, 13.0, 17.0, 15.0, 10.0, 16.0, 12.0, 7.0, 9.0, 20.0, 18.0, 11.0, 19.0, 4.0, 14.0, 6.0, 5.0, 8.0, 2.0, 1.0, 3.0, 0.0]
502 ; 10 ; 30.0 ; 50 ; 8 ; 2173 ; 616.4346238556963 ; 727.587751593128 ; 1107.3259217143905 ; 601.7193390730738 ; [0.0, 4.0, 3.0, 1.0, 7.0, 8.0, 14.0, 17.0, 15.0, 11.0, 13.0, 20.0, 19.0, 5.0, 9.0, 10.0, 18.0, 16.0, 12.0, 2.0, 6.0, 0.0]
502 ; 10 ; 30.0 ; 50 ; 206 ; 54389 ; 432.58124414962447 ; 573.4344769465953 ; 972.4311942891783 ; 432.58124414962447 ; [0.0, 1.0, 2.0, 3.0, 20.0, 8.0, 12.0, 16.0, 18.0, 10.0, 13.0, 11.0, 15.0, 17.0, 9.0, 14.0, 5.0, 7.0, 6.0, 19.0, 4.0, 0.0]
502 ; 10 ; 30.0 ; 50 ; 405 ; 79335 ; 418.42144523291176 ; 558.8378441701701 ; 864.8927810691147 ; 418.42144523291176 ; [0.0, 1.0, 2.0, 3.0, 20.0, 8.0, 17.0, 12.0, 16.0, 18.0, 10.0, 13.0, 11.0, 15.0, 9.0, 14.0, 7.0, 6.0, 5.0, 19.0, 4.0, 0.0]
502 ; 10 ; 30.0 ; 50 ; 603 ; 64589 ; 418.42144523291176 ; 552.6226075234343 ; 921.9686249806464 ; 418.42144523291176 ; [0.0, 1.0, 2.0, 3.0, 20.0, 8.0, 17.0, 12.0, 16.0, 18.0, 10.0, 13.0, 11.0, 15.0, 9.0, 14.0, 7.0, 6.0, 5.0, 19.0, 4.0, 0.0]
502 ; 10 ; 30.0 ; 50 ; 802 ; 57656 ; 418.42144523291176 ; 559.1601083596194 ; 821.2076043922359 ; 418.42144523291176 ; [0.0, 1.0, 2.0, 3.0, 20.0, 8.0, 17.0, 12.0, 16.0, 18.0, 10.0, 13.0, 11.0, 15.0, 9.0, 14.0, 7.0, 6.0, 5.0, 19.0, 4.0, 0.0]
502 ; 10 ; 30.0 ; 50 ; 1000 ; 62652 ; 415.7663001023475 ; 545.5737853266239 ; 975.5278271125851 ; 415.7663001023475 ; [0.0, 1.0, 2.0, 3.0, 20.0, 8.0, 17.0, 12.0, 16.0, 10.0, 18.0, 13.0, 11.0, 15.0, 9.0, 14.0, 7.0, 6.0, 5.0, 19.0, 4.0, 0.0]
502 ; 10 ; 30.0 ; 100 ; 8 ; 5414 ; 638.8957736229523 ; 726.6517914306279 ; 854.8293699333541 ; 638.8957736229523 ; [0.0, 1.0, 19.0, 11.0, 2.0, 5.0, 6.0, 3.0, 4.0, 20.0, 16.0, 18.0, 12.0, 13.0, 17.0, 15.0, 10.0, 9.0, 8.0, 14.0, 7.0, 0.0]
502 ; 10 ; 30.0 ; 100 ; 206 ; 115751 ; 439.55769055475156 ; 543.8662924883151 ; 659.8913601987036 ; 439.55769055475156 ; [0.0, 1.0, 2.0, 3.0, 4.0, 5.0, 14.0, 9.0, 10.0, 17.0, 12.0, 18.0, 16.0, 11.0, 15.0, 13.0, 20.0, 8.0, 7.0, 6.0, 19.0, 0.0]
502 ; 10 ; 30.0 ; 100 ; 405 ; 103740 ; 439.55769055475156 ; 570.4771915739825 ; 911.212377908917 ; 439.55769055475156 ; [0.0, 1.0, 2.0, 3.0, 4.0, 5.0, 14.0, 9.0, 10.0, 17.0, 12.0, 18.0, 16.0, 11.0, 15.0, 13.0, 20.0, 8.0, 7.0, 6.0, 19.0, 0.0]
502 ; 10 ; 30.0 ; 100 ; 603 ; 102800 ; 439.55769055475156 ; 535.390850119399 ; 641.0267178502938 ; 439.55769055475156 ; [0.0, 1.0, 2.0, 3.0, 4.0, 5.0, 14.0, 9.0, 10.0, 17.0, 12.0, 18.0, 16.0, 11.0, 15.0, 13.0, 20.0, 8.0, 7.0, 6.0, 19.0, 0.0]
502 ; 10 ; 30.0 ; 100 ; 802 ; 106781 ; 439.55769055475156 ; 559.7709991258628 ; 796.5822649092243 ; 439.55769055475156 ; [0.0, 1.0, 2.0, 3.0, 4.0, 5.0, 14.0, 9.0, 10.0, 17.0, 12.0, 18.0, 16.0, 11.0, 15.0, 13.0, 20.0, 8.0, 7.0, 6.0, 19.0, 0.0]
502 ; 10 ; 30.0 ; 100 ; 1000 ; 101474 ; 439.55769055475156 ; 545.307416789992 ; 783.5024805069064 ; 439.55769055475156 ; [0.0, 1.0, 2.0, 3.0, 4.0, 5.0, 14.0, 9.0, 10.0, 17.0, 12.0, 18.0, 16.0, 11.0, 15.0, 13.0, 20.0, 8.0, 7.0, 6.0, 19.0, 0.0]
1000 ; 2 ; 1.0 ; 0 ; 8 ; 95 ; 596.6015190414021 ; 1040.5764967945079 ; 1395.6235306957597 ; 596.6015190414021 ; [0.0, 19.0, 1.0, 5.0, 6.0, 7.0, 13.0, 15.0, 16.0, 18.0, 17.0, 12.0, 8.0, 3.0, 14.0, 2.0, 9.0, 11.0, 20.0, 4.0, 10.0, 0.0]
1000 ; 2 ; 1.0 ; 0 ; 206 ; 2327 ; 596.6015190414021 ; 1040.5764967945076 ; 1395.6235306957597 ; 596.6015190414021 ; [0.0, 19.0, 1.0, 5.0, 6.0, 7.0, 13.0, 15.0, 16.0, 18.0, 17.0, 12.0, 8.0, 3.0, 14.0, 2.0, 9.0, 11.0, 20.0, 4.0, 10.0, 0.0]
1000 ; 2 ; 1.0 ; 0 ; 405 ; 2377 ; 596.6015190414021 ; 1040.576496794509 ; 1395.6235306957597 ; 596.6015190414021 ; [0.0, 19.0, 1.0, 5.0, 6.0, 7.0, 13.0, 15.0, 16.0, 18.0, 17.0, 12.0, 8.0, 3.0, 14.0, 2.0, 9.0, 11.0, 20.0, 4.0, 10.0, 0.0]
1000 ; 2 ; 1.0 ; 0 ; 603 ; 2361 ; 596.6015190414021 ; 1040.5764967945086 ; 1395.6235306957597 ; 596.6015190414021 ; [0.0, 19.0, 1.0, 5.0, 6.0, 7.0, 13.0, 15.0, 16.0, 18.0, 17.0, 12.0, 8.0, 3.0, 14.0, 2.0, 9.0, 11.0, 20.0, 4.0, 10.0, 0.0]
1000 ; 2 ; 1.0 ; 0 ; 802 ; 2360 ; 596.6015190414021 ; 1040.5764967945072 ; 1395.6235306957597 ; 596.6015190414021 ; [0.0, 19.0, 1.0, 5.0, 6.0, 7.0, 13.0, 15.0, 16.0, 18.0, 17.0, 12.0, 8.0, 3.0, 14.0, 2.0, 9.0, 11.0, 20.0, 4.0, 10.0, 0.0]
1000 ; 2 ; 1.0 ; 0 ; 1000 ; 2332 ; 596.6015190414021 ; 1040.5764967945088 ; 1395.6235306957597 ; 596.6015190414021 ; [0.0, 19.0, 1.0, 5.0, 6.0, 7.0, 13.0, 15.0, 16.0, 18.0, 17.0, 12.0, 8.0, 3.0, 14.0, 2.0, 9.0, 11.0, 20.0, 4.0, 10.0, 0.0]
1000 ; 2 ; 1.0 ; 50 ; 8 ; 4704 ; 581.8623862391607 ; 852.2187810073417 ; 1194.380546070204 ; 581.8623862391607 ; [0.0, 1.0, 3.0, 4.0, 2.0, 19.0, 5.0, 14.0, 7.0, 8.0, 20.0, 11.0, 16.0, 18.0, 10.0, 9.0, 6.0, 13.0, 15.0, 12.0, 17.0, 0.0]
1000 ; 2 ; 1.0 ; 50 ; 206 ; 111516 ; 506.1308558711043 ; 597.6937102775585 ; 804.3803628335252 ; 506.13085587110425 ; [0.0, 1.0, 2.0, 20.0, 8.0, 17.0, 12.0, 15.0, 13.0, 9.0, 10.0, 18.0, 16.0, 11.0, 6.0, 7.0, 14.0, 5.0, 19.0, 4.0, 3.0, 0.0]
1000 ; 2 ; 1.0 ; 50 ; 405 ; 112232 ; 487.8461764938287 ; 579.6415309325987 ; 824.6174742583627 ; 474.22612158236586 ; [0.0, 1.0, 2.0, 20.0, 8.0, 9.0, 17.0, 12.0, 13.0, 10.0, 18.0, 16.0, 15.0, 11.0, 6.0, 7.0, 14.0, 5.0, 19.0, 4.0, 3.0, 0.0]
1000 ; 2 ; 1.0 ; 50 ; 603 ; 113107 ; 435.97391558120506 ; 534.4935252175676 ; 721.0611518459223 ; 433.08258090120756 ; [0.0, 3.0, 4.0, 19.0, 5.0, 14.0, 7.0, 6.0, 9.0, 12.0, 18.0, 16.0, 10.0, 17.0, 15.0, 13.0, 11.0, 8.0, 20.0, 2.0, 1.0, 0.0]
1000 ; 2 ; 1.0 ; 50 ; 802 ; 117869 ; 420.2060587724822 ; 509.7024659980041 ; 817.460875783555 ; 418.67556797762455 ; [0.0, 3.0, 4.0, 19.0, 5.0, 14.0, 7.0, 6.0, 9.0, 17.0, 12.0, 16.0, 18.0, 10.0, 15.0, 11.0, 13.0, 8.0, 20.0, 2.0, 1.0, 0.0]
1000 ; 2 ; 1.0 ; 50 ; 1000 ; 123442 ; 418.67556797762455 ; 508.7821640583937 ; 806.0149861465884 ; 406.08317162046944 ; [0.0, 1.0, 3.0, 4.0, 19.0, 5.0, 7.0, 6.0, 14.0, 9.0, 17.0, 12.0, 16.0, 18.0, 10.0, 15.0, 13.0, 11.0, 8.0, 20.0, 2.0, 0.0]
1000 ; 2 ; 1.0 ; 100 ; 8 ; 10098 ; 697.5252785593563 ; 783.2062558941769 ; 920.1275343570401 ; 697.5252785593563 ; [0.0, 4.0, 3.0, 8.0, 11.0, 6.0, 7.0, 20.0, 12.0, 17.0, 5.0, 14.0, 19.0, 15.0, 18.0, 10.0, 16.0, 13.0, 9.0, 2.0, 1.0, 0.0]
1000 ; 2 ; 1.0 ; 100 ; 206 ; 260575 ; 593.9662297569906 ; 679.5450774942643 ; 908.465699763176 ; 589.7052353221754 ; [0.0, 3.0, 8.0, 11.0, 13.0, 20.0, 7.0, 12.0, 17.0, 9.0, 5.0, 6.0, 14.0, 15.0, 18.0, 10.0, 16.0, 19.0, 4.0, 2.0, 1.0, 0.0]
1000 ; 2 ; 1.0 ; 100 ; 405 ; 272457 ; 528.9864470062944 ; 618.392027190626 ; 769.5471518095322 ; 528.9864470062944 ; [0.0, 1.0, 2.0, 4.0, 19.0, 8.0, 12.0, 16.0, 10.0, 18.0, 15.0, 14.0, 7.0, 5.0, 6.0, 9.0, 17.0, 13.0, 11.0, 20.0, 3.0, 0.0]
1000 ; 2 ; 1.0 ; 100 ; 603 ; 269917 ; 517.9948363966809 ; 613.0265738217964 ; 847.1857685481701 ; 516.406070048106 ; [0.0, 3.0, 20.0, 8.0, 11.0, 13.0, 17.0, 9.0, 6.0, 5.0, 14.0, 15.0, 18.0, 10.0, 16.0, 12.0, 7.0, 19.0, 4.0, 2.0, 1.0, 0.0]
1000 ; 2 ; 1.0 ; 100 ; 802 ; 280743 ; 497.2931497054809 ; 587.0477746408291 ; 802.2999528860996 ; 492.0458977272169 ; [0.0, 1.0, 2.0, 3.0, 20.0, 13.0, 11.0, 9.0, 6.0, 7.0, 14.0, 15.0, 12.0, 18.0, 10.0, 16.0, 17.0, 8.0, 5.0, 19.0, 4.0, 0.0]
1000 ; 2 ; 1.0 ; 100 ; 1000 ; 271722 ; 497.2931497054809 ; 588.0274643106496 ; 788.9263330639784 ; 484.6071982056419 ; [0.0, 1.0, 2.0, 3.0, 20.0, 13.0, 11.0, 9.0, 14.0, 6.0, 5.0, 7.0, 15.0, 12.0, 18.0, 10.0, 16.0, 17.0, 8.0, 19.0, 4.0, 0.0]
1000 ; 2 ; 16.0 ; 0 ; 8 ; 118 ; 686.4989605905615 ; 1036.556641116674 ; 1422.7814988543314 ; 686.4989605905615 ; [0.0, 15.0, 10.0, 16.0, 13.0, 14.0, 7.0, 6.0, 5.0, 11.0, 17.0, 12.0, 18.0, 3.0, 4.0, 19.0, 2.0, 8.0, 1.0, 20.0, 9.0, 0.0]
1000 ; 2 ; 16.0 ; 0 ; 206 ; 3105 ; 686.4989605905615 ; 1036.556641116676 ; 1422.7814988543314 ; 686.4989605905615 ; [0.0, 15.0, 10.0, 16.0, 13.0, 14.0, 7.0, 6.0, 5.0, 11.0, 17.0, 12.0, 18.0, 3.0, 4.0, 19.0, 2.0, 8.0, 1.0, 20.0, 9.0, 0.0]
1000 ; 2 ; 16.0 ; 0 ; 405 ; 3080 ; 686.4989605905615 ; 1036.5566411166737 ; 1422.7814988543314 ; 686.4989605905615 ; [0.0, 15.0, 10.0, 16.0, 13.0, 14.0, 7.0, 6.0, 5.0, 11.0, 17.0, 12.0, 18.0, 3.0, 4.0, 19.0, 2.0, 8.0, 1.0, 20.0, 9.0, 0.0]
1000 ; 2 ; 16.0 ; 0 ; 603 ; 3054 ; 686.4989605905615 ; 1036.5566411166737 ; 1422.7814988543314 ; 686.4989605905615 ; [0.0, 15.0, 10.0, 16.0, 13.0, 14.0, 7.0, 6.0, 5.0, 11.0, 17.0, 12.0, 18.0, 3.0, 4.0, 19.0, 2.0, 8.0, 1.0, 20.0, 9.0, 0.0]
1000 ; 2 ; 16.0 ; 0 ; 802 ; 3081 ; 686.4989605905615 ; 1036.5566411166735 ; 1422.7814988543314 ; 686.4989605905615 ; [0.0, 15.0, 10.0, 16.0, 13.0, 14.0, 7.0, 6.0, 5.0, 11.0, 17.0, 12.0, 18.0, 3.0, 4.0, 19.0, 2.0, 8.0, 1.0, 20.0, 9.0, 0.0]
1000 ; 2 ; 16.0 ; 0 ; 1000 ; 3084 ; 686.4989605905615 ; 1036.5566411166742 ; 1422.7814988543314 ; 686.4989605905615 ; [0.0, 15.0, 10.0, 16.0, 13.0, 14.0, 7.0, 6.0, 5.0, 11.0, 17.0, 12.0, 18.0, 3.0, 4.0, 19.0, 2.0, 8.0, 1.0, 20.0, 9.0, 0.0]
1000 ; 2 ; 16.0 ; 50 ; 8 ; 5920 ; 695.4839487383315 ; 878.6986641064242 ; 1238.141914452321 ; 636.5268097547756 ; [0.0, 14.0, 16.0, 12.0, 9.0, 17.0, 1.0, 19.0, 4.0, 2.0, 3.0, 18.0, 15.0, 11.0, 13.0, 7.0, 5.0, 20.0, 6.0, 10.0, 8.0, 0.0]
1000 ; 2 ; 16.0 ; 50 ; 206 ; 137318 ; 423.78961959818696 ; 577.5650720256383 ; 953.0261648810072 ; 420.49112752333093 ; [0.0, 19.0, 6.0, 14.0, 9.0, 16.0, 12.0, 17.0, 10.0, 18.0, 15.0, 11.0, 13.0, 20.0, 8.0, 7.0, 5.0, 4.0, 3.0, 2.0, 1.0, 0.0]
1000 ; 2 ; 16.0 ; 50 ; 405 ; 180633 ; 378.94207439932444 ; 529.8745531879591 ; 960.471905598321 ; 378.94207439932444 ; [0.0, 19.0, 6.0, 5.0, 14.0, 9.0, 12.0, 17.0, 18.0, 10.0, 16.0, 15.0, 11.0, 13.0, 20.0, 8.0, 7.0, 4.0, 3.0, 2.0, 1.0, 0.0]
1000 ; 2 ; 16.0 ; 50 ; 603 ; 144288 ; 378.84731986381473 ; 517.9374254723143 ; 1063.0148712699515 ; 368.2731058030378 ; [0.0, 19.0, 5.0, 14.0, 9.0, 17.0, 12.0, 18.0, 10.0, 20.0, 15.0, 11.0, 13.0, 8.0, 7.0, 6.0, 4.0, 3.0, 2.0, 1.0, 16.0, 0.0]
1000 ; 2 ; 16.0 ; 50 ; 802 ; 125646 ; 373.69702760588063 ; 515.5740221007434 ; 937.2309485138477 ; 368.2731058030378 ; [0.0, 19.0, 5.0, 14.0, 9.0, 17.0, 12.0, 18.0, 10.0, 20.0, 15.0, 11.0, 13.0, 8.0, 7.0, 6.0, 4.0, 3.0, 2.0, 1.0, 16.0, 0.0]
1000 ; 2 ; 16.0 ; 50 ; 1000 ; 113635 ; 373.69702760588063 ; 513.4055108389671 ; 917.5516883552592 ; 368.2731058030378 ; [0.0, 19.0, 5.0, 14.0, 9.0, 17.0, 12.0, 18.0, 10.0, 20.0, 15.0, 11.0, 13.0, 8.0, 7.0, 6.0, 4.0, 3.0, 2.0, 1.0, 16.0, 0.0]
1000 ; 2 ; 16.0 ; 100 ; 8 ; 9175 ; 638.6973559502837 ; 787.1732960914223 ; 1126.804952213522 ; 638.6973559502837 ; [0.0, 1.0, 11.0, 17.0, 18.0, 10.0, 15.0, 13.0, 9.0, 14.0, 16.0, 12.0, 8.0, 7.0, 19.0, 3.0, 4.0, 2.0, 20.0, 6.0, 5.0, 0.0]
1000 ; 2 ; 16.0 ; 100 ; 206 ; 257043 ; 404.1289511452088 ; 522.3944528099689 ; 786.8270283540819 ; 403.1127892416033 ; [0.0, 1.0, 2.0, 3.0, 4.0, 6.0, 14.0, 9.0, 15.0, 16.0, 10.0, 18.0, 17.0, 12.0, 11.0, 13.0, 8.0, 20.0, 7.0, 5.0, 19.0, 0.0]
1000 ; 2 ; 16.0 ; 100 ; 405 ; 260066 ; 391.35703451389264 ; 502.84369850434985 ; 739.5995995931988 ; 391.35703451389264 ; [0.0, 19.0, 5.0, 7.0, 8.0, 20.0, 13.0, 11.0, 15.0, 12.0, 17.0, 18.0, 10.0, 16.0, 9.0, 14.0, 6.0, 4.0, 3.0, 2.0, 1.0, 0.0]
1000 ; 2 ; 16.0 ; 100 ; 603 ; 245048 ; 381.7329156690077 ; 496.9965501219175 ; 793.1933904154868 ; 381.7329156690077 ; [0.0, 19.0, 5.0, 7.0, 8.0, 20.0, 13.0, 11.0, 15.0, 18.0, 10.0, 16.0, 12.0, 17.0, 9.0, 14.0, 6.0, 4.0, 3.0, 2.0, 1.0, 0.0]
1000 ; 2 ; 16.0 ; 100 ; 802 ; 246538 ; 381.7329156690077 ; 498.5297374841501 ; 761.6571513167612 ; 381.7329156690077 ; [0.0, 19.0, 5.0, 7.0, 8.0, 20.0, 13.0, 11.0, 15.0, 18.0, 10.0, 16.0, 12.0, 17.0, 9.0, 14.0, 6.0, 4.0, 3.0, 2.0, 1.0, 0.0]
1000 ; 2 ; 16.0 ; 100 ; 1000 ; 245347 ; 378.80735886955847 ; 494.8878636288085 ; 784.9230906188534 ; 378.80735886955847 ; [0.0, 19.0, 6.0, 7.0, 8.0, 20.0, 13.0, 11.0, 15.0, 18.0, 10.0, 16.0, 12.0, 17.0, 9.0, 14.0, 5.0, 4.0, 3.0, 2.0, 1.0, 0.0]
1000 ; 2 ; 30.0 ; 0 ; 8 ; 106 ; 705.6975723664082 ; 1041.6159924445694 ; 1380.5482213900787 ; 705.6975723664082 ; [0.0, 14.0, 2.0, 6.0, 3.0, 1.0, 7.0, 13.0, 10.0, 18.0, 17.0, 12.0, 16.0, 9.0, 20.0, 8.0, 15.0, 11.0, 5.0, 19.0, 4.0, 0.0]
1000 ; 2 ; 30.0 ; 0 ; 206 ; 2978 ; 705.6975723664082 ; 1041.6159924445694 ; 1380.5482213900787 ; 705.6975723664082 ; [0.0, 14.0, 2.0, 6.0, 3.0, 1.0, 7.0, 13.0, 10.0, 18.0, 17.0, 12.0, 16.0, 9.0, 20.0, 8.0, 15.0, 11.0, 5.0, 19.0, 4.0, 0.0]
1000 ; 2 ; 30.0 ; 0 ; 405 ; 3355 ; 705.6975723664082 ; 1041.6159924445694 ; 1380.5482213900787 ; 705.6975723664082 ; [0.0, 14.0, 2.0, 6.0, 3.0, 1.0, 7.0, 13.0, 10.0, 18.0, 17.0, 12.0, 16.0, 9.0, 20.0, 8.0, 15.0, 11.0, 5.0, 19.0, 4.0, 0.0]
1000 ; 2 ; 30.0 ; 0 ; 603 ; 4008 ; 705.6975723664082 ; 1041.6159924445699 ; 1380.5482213900787 ; 705.6975723664082 ; [0.0, 14.0, 2.0, 6.0, 3.0, 1.0, 7.0, 13.0, 10.0, 18.0, 17.0, 12.0, 16.0, 9.0, 20.0, 8.0, 15.0, 11.0, 5.0, 19.0, 4.0, 0.0]
1000 ; 2 ; 30.0 ; 0 ; 802 ; 2969 ; 705.6975723664082 ; 1041.6159924445703 ; 1380.5482213900787 ; 705.6975723664082 ; [0.0, 14.0, 2.0, 6.0, 3.0, 1.0, 7.0, 13.0, 10.0, 18.0, 17.0, 12.0, 16.0, 9.0, 20.0, 8.0, 15.0, 11.0, 5.0, 19.0, 4.0, 0.0]
1000 ; 2 ; 30.0 ; 0 ; 1000 ; 2984 ; 705.6975723664082 ; 1041.6159924445694 ; 1380.5482213900787 ; 705.6975723664082 ; [0.0, 14.0, 2.0, 6.0, 3.0, 1.0, 7.0, 13.0, 10.0, 18.0, 17.0, 12.0, 16.0, 9.0, 20.0, 8.0, 15.0, 11.0, 5.0, 19.0, 4.0, 0.0]
1000 ; 2 ; 30.0 ; 50 ; 8 ; 5358 ; 668.5281188252537 ; 883.2543355997891 ; 1283.5623997963164 ; 655.6338573456253 ; [0.0, 1.0, 19.0, 5.0, 4.0, 7.0, 6.0, 3.0, 2.0, 8.0, 17.0, 15.0, 12.0, 13.0, 9.0, 14.0, 20.0, 18.0, 10.0, 16.0, 11.0, 0.0]
1000 ; 2 ; 30.0 ; 50 ; 206 ; 135582 ; 427.7503561322733 ; 606.7560633733345 ; 1007.2089764234236 ; 427.7503561322733 ; [0.0, 18.0, 2.0, 3.0, 19.0, 5.0, 6.0, 20.0, 8.0, 13.0, 11.0, 10.0, 16.0, 12.0, 17.0, 15.0, 9.0, 14.0, 7.0, 4.0, 1.0, 0.0]
1000 ; 2 ; 30.0 ; 50 ; 405 ; 128175 ; 417.4057404020858 ; 606.7146847018654 ; 950.4229689260947 ; 401.778133720477 ; [0.0, 4.0, 19.0, 5.0, 14.0, 9.0, 12.0, 17.0, 16.0, 18.0, 10.0, 15.0, 13.0, 11.0, 20.0, 7.0, 6.0, 3.0, 2.0, 1.0, 8.0, 0.0]
1000 ; 2 ; 30.0 ; 50 ; 603 ; 126720 ; 420.20569271757654 ; 605.4466595606117 ; 1085.8276184701815 ; 392.5954565181606 ; [0.0, 4.0, 19.0, 14.0, 9.0, 17.0, 12.0, 18.0, 10.0, 16.0, 15.0, 13.0, 11.0, 8.0, 20.0, 7.0, 6.0, 5.0, 3.0, 2.0, 1.0, 0.0]
1000 ; 2 ; 30.0 ; 50 ; 802 ; 126803 ; 391.0184049681833 ; 583.5483509955747 ; 1026.7559244305264 ; 391.0184049681833 ; [0.0, 1.0, 2.0, 3.0, 5.0, 20.0, 9.0, 12.0, 17.0, 18.0, 10.0, 16.0, 15.0, 11.0, 13.0, 8.0, 7.0, 6.0, 19.0, 4.0, 14.0, 0.0]
1000 ; 2 ; 30.0 ; 50 ; 1000 ; 127637 ; 385.5944831653406 ; 590.9627198683114 ; 1041.389706615268 ; 380.2901167089289 ; [0.0, 4.0, 19.0, 6.0, 7.0, 8.0, 20.0, 13.0, 11.0, 15.0, 16.0, 10.0, 18.0, 12.0, 17.0, 9.0, 14.0, 5.0, 3.0, 2.0, 1.0, 0.0]
1000 ; 2 ; 30.0 ; 100 ; 8 ; 10081 ; 637.706374708437 ; 803.8620829061103 ; 1087.1525677431644 ; 637.706374708437 ; [0.0, 8.0, 9.0, 12.0, 15.0, 10.0, 18.0, 14.0, 5.0, 19.0, 1.0, 4.0, 13.0, 16.0, 11.0, 20.0, 7.0, 6.0, 2.0, 3.0, 17.0, 0.0]
1000 ; 2 ; 30.0 ; 100 ; 206 ; 246412 ; 386.89407054316524 ; 526.8460808253584 ; 839.9841942690871 ; 386.89407054316524 ; [0.0, 19.0, 5.0, 7.0, 8.0, 20.0, 11.0, 13.0, 15.0, 18.0, 10.0, 16.0, 12.0, 17.0, 9.0, 14.0, 6.0, 4.0, 3.0, 2.0, 1.0, 0.0]
1000 ; 2 ; 30.0 ; 100 ; 405 ; 244667 ; 378.80735886955847 ; 513.8703206876105 ; 811.5552765844097 ; 378.80735886955847 ; [0.0, 19.0, 6.0, 7.0, 8.0, 20.0, 13.0, 11.0, 15.0, 18.0, 10.0, 16.0, 12.0, 17.0, 9.0, 14.0, 5.0, 4.0, 3.0, 2.0, 1.0, 0.0]
1000 ; 2 ; 30.0 ; 100 ; 603 ; 245329 ; 378.80735886955847 ; 490.63802077191514 ; 734.4108547067816 ; 378.80735886955847 ; [0.0, 19.0, 6.0, 7.0, 8.0, 20.0, 13.0, 11.0, 15.0, 18.0, 10.0, 16.0, 12.0, 17.0, 9.0, 14.0, 5.0, 4.0, 3.0, 2.0, 1.0, 0.0]
1000 ; 2 ; 30.0 ; 100 ; 802 ; 246881 ; 378.80735886955847 ; 496.4126610797668 ; 757.9155063258868 ; 378.80735886955847 ; [0.0, 19.0, 6.0, 7.0, 8.0, 20.0, 13.0, 11.0, 15.0, 18.0, 10.0, 16.0, 12.0, 17.0, 9.0, 14.0, 5.0, 4.0, 3.0, 2.0, 1.0, 0.0]
1000 ; 2 ; 30.0 ; 100 ; 1000 ; 245055 ; 378.80735886955847 ; 506.6484504427173 ; 833.4569060394348 ; 371.94930766118176 ; [0.0, 19.0, 6.0, 8.0, 20.0, 13.0, 11.0, 15.0, 16.0, 10.0, 18.0, 12.0, 17.0, 9.0, 14.0, 5.0, 4.0, 3.0, 2.0, 1.0, 7.0, 0.0]
1000 ; 6 ; 1.0 ; 0 ; 8 ; 100 ; 702.3195912178926 ; 1034.4636838941815 ; 1357.2820743413854 ; 702.3195912178926 ; [0.0, 6.0, 19.0, 5.0, 14.0, 11.0, 16.0, 15.0, 10.0, 18.0, 12.0, 8.0, 9.0, 17.0, 4.0, 13.0, 3.0, 1.0, 20.0, 7.0, 2.0, 0.0]
1000 ; 6 ; 1.0 ; 0 ; 206 ; 2545 ; 702.3195912178926 ; 1034.4636838941822 ; 1357.2820743413854 ; 702.3195912178926 ; [0.0, 6.0, 19.0, 5.0, 14.0, 11.0, 16.0, 15.0, 10.0, 18.0, 12.0, 8.0, 9.0, 17.0, 4.0, 13.0, 3.0, 1.0, 20.0, 7.0, 2.0, 0.0]
1000 ; 6 ; 1.0 ; 0 ; 405 ; 3225 ; 702.3195912178926 ; 1034.4636838941826 ; 1357.2820743413854 ; 702.3195912178926 ; [0.0, 6.0, 19.0, 5.0, 14.0, 11.0, 16.0, 15.0, 10.0, 18.0, 12.0, 8.0, 9.0, 17.0, 4.0, 13.0, 3.0, 1.0, 20.0, 7.0, 2.0, 0.0]
1000 ; 6 ; 1.0 ; 0 ; 603 ; 2748 ; 702.3195912178926 ; 1034.4636838941815 ; 1357.2820743413854 ; 702.3195912178926 ; [0.0, 6.0, 19.0, 5.0, 14.0, 11.0, 16.0, 15.0, 10.0, 18.0, 12.0, 8.0, 9.0, 17.0, 4.0, 13.0, 3.0, 1.0, 20.0, 7.0, 2.0, 0.0]
1000 ; 6 ; 1.0 ; 0 ; 802 ; 2582 ; 702.3195912178926 ; 1034.463683894182 ; 1357.2820743413854 ; 702.3195912178926 ; [0.0, 6.0, 19.0, 5.0, 14.0, 11.0, 16.0, 15.0, 10.0, 18.0, 12.0, 8.0, 9.0, 17.0, 4.0, 13.0, 3.0, 1.0, 20.0, 7.0, 2.0, 0.0]
1000 ; 6 ; 1.0 ; 0 ; 1000 ; 2574 ; 702.3195912178926 ; 1034.4636838941822 ; 1357.2820743413854 ; 702.3195912178926 ; [0.0, 6.0, 19.0, 5.0, 14.0, 11.0, 16.0, 15.0, 10.0, 18.0, 12.0, 8.0, 9.0, 17.0, 4.0, 13.0, 3.0, 1.0, 20.0, 7.0, 2.0, 0.0]
1000 ; 6 ; 1.0 ; 50 ; 8 ; 5311 ; 691.2683705507402 ; 773.9738354534127 ; 1012.0717335626691 ; 691.2683705507402 ; [0.0, 5.0, 2.0, 7.0, 6.0, 13.0, 8.0, 16.0, 17.0, 12.0, 10.0, 9.0, 11.0, 15.0, 18.0, 20.0, 14.0, 19.0, 3.0, 4.0, 1.0, 0.0]
1000 ; 6 ; 1.0 ; 50 ; 206 ; 124383 ; 536.1701771417813 ; 632.1463901485297 ; 914.7758639168875 ; 536.1701771417813 ; [0.0, 4.0, 19.0, 6.0, 5.0, 14.0, 7.0, 13.0, 16.0, 17.0, 12.0, 10.0, 9.0, 11.0, 15.0, 18.0, 20.0, 8.0, 3.0, 2.0, 1.0, 0.0]
1000 ; 6 ; 1.0 ; 50 ; 405 ; 125632 ; 524.5375742353142 ; 610.7787852998966 ; 838.4785324671479 ; 524.5375742353142 ; [0.0, 3.0, 4.0, 19.0, 6.0, 5.0, 14.0, 20.0, 13.0, 16.0, 17.0, 12.0, 9.0, 11.0, 15.0, 18.0, 10.0, 8.0, 7.0, 2.0, 1.0, 0.0]
1000 ; 6 ; 1.0 ; 50 ; 603 ; 123702 ; 508.2711766874098 ; 602.9578399324972 ; 767.326150384146 ; 506.4111975542945 ; [0.0, 6.0, 7.0, 8.0, 10.0, 18.0, 15.0, 11.0, 9.0, 12.0, 17.0, 16.0, 13.0, 20.0, 14.0, 5.0, 19.0, 4.0, 3.0, 2.0, 1.0, 0.0]
1000 ; 6 ; 1.0 ; 50 ; 802 ; 124636 ; 482.14035136776226 ; 581.213289659627 ; 723.8562600329125 ; 482.14035136776226 ; [0.0, 19.0, 7.0, 16.0, 10.0, 18.0, 15.0, 11.0, 9.0, 12.0, 17.0, 13.0, 20.0, 8.0, 14.0, 5.0, 6.0, 4.0, 3.0, 2.0, 1.0, 0.0]
1000 ; 6 ; 1.0 ; 50 ; 1000 ; 124142 ; 471.820729671564 ; 566.3998972640461 ; 699.7970065298937 ; 471.820729671564 ; [0.0, 19.0, 7.0, 12.0, 16.0, 10.0, 18.0, 15.0, 11.0, 9.0, 17.0, 13.0, 20.0, 8.0, 14.0, 5.0, 6.0, 4.0, 3.0, 2.0, 1.0, 0.0]
1000 ; 6 ; 1.0 ; 100 ; 8 ; 10262 ; 572.8245244320035 ; 733.640379550383 ; 923.665986070984 ; 572.8245244320035 ; [0.0, 1.0, 2.0, 4.0, 13.0, 11.0, 10.0, 12.0, 17.0, 16.0, 18.0, 9.0, 15.0, 5.0, 7.0, 20.0, 8.0, 14.0, 19.0, 6.0, 3.0, 0.0]
1000 ; 6 ; 1.0 ; 100 ; 206 ; 251893 ; 526.1247168339967 ; 612.5059774216833 ; 851.3864559054823 ; 526.1247168339967 ; [0.0, 3.0, 19.0, 8.0, 20.0, 7.0, 5.0, 14.0, 17.0, 15.0, 18.0, 16.0, 12.0, 10.0, 11.0, 13.0, 9.0, 6.0, 4.0, 2.0, 1.0, 0.0]
1000 ; 6 ; 1.0 ; 100 ; 405 ; 252348 ; 500.32692597075646 ; 584.9943935356314 ; 747.6231434531134 ; 500.32692597075646 ; [0.0, 1.0, 2.0, 4.0, 19.0, 5.0, 6.0, 9.0, 13.0, 11.0, 10.0, 12.0, 16.0, 18.0, 15.0, 17.0, 14.0, 7.0, 20.0, 8.0, 3.0, 0.0]
1000 ; 6 ; 1.0 ; 100 ; 603 ; 251989 ; 476.0141612949876 ; 568.911914244294 ; 711.0327930558501 ; 470.1523120400343 ; [0.0, 1.0, 2.0, 3.0, 20.0, 8.0, 7.0, 14.0, 17.0, 15.0, 18.0, 16.0, 12.0, 10.0, 13.0, 11.0, 9.0, 6.0, 5.0, 19.0, 4.0, 0.0]
1000 ; 6 ; 1.0 ; 100 ; 802 ; 251297 ; 476.0141612949876 ; 569.4360942238042 ; 789.0141956983324 ; 470.1523120400343 ; [0.0, 1.0, 2.0, 3.0, 20.0, 8.0, 7.0, 14.0, 17.0, 15.0, 18.0, 16.0, 12.0, 10.0, 13.0, 11.0, 9.0, 6.0, 5.0, 19.0, 4.0, 0.0]
1000 ; 6 ; 1.0 ; 100 ; 1000 ; 248960 ; 476.0141612949876 ; 569.0273891949786 ; 894.9881916775902 ; 470.1523120400343 ; [0.0, 1.0, 2.0, 3.0, 20.0, 8.0, 7.0, 14.0, 17.0, 15.0, 18.0, 16.0, 12.0, 10.0, 13.0, 11.0, 9.0, 6.0, 5.0, 19.0, 4.0, 0.0]
1000 ; 6 ; 16.0 ; 0 ; 8 ; 142 ; 683.7234916485392 ; 1033.2780583102553 ; 1376.0758655422555 ; 683.7234916485392 ; [0.0, 1.0, 6.0, 14.0, 16.0, 18.0, 12.0, 5.0, 20.0, 9.0, 7.0, 13.0, 8.0, 19.0, 3.0, 11.0, 17.0, 15.0, 4.0, 2.0, 10.0, 0.0]
1000 ; 6 ; 16.0 ; 0 ; 206 ; 2759 ; 683.7234916485392 ; 1033.2780583102547 ; 1376.0758655422555 ; 683.7234916485392 ; [0.0, 1.0, 6.0, 14.0, 16.0, 18.0, 12.0, 5.0, 20.0, 9.0, 7.0, 13.0, 8.0, 19.0, 3.0, 11.0, 17.0, 15.0, 4.0, 2.0, 10.0, 0.0]
1000 ; 6 ; 16.0 ; 0 ; 405 ; 2737 ; 683.7234916485392 ; 1033.2780583102547 ; 1376.0758655422555 ; 683.7234916485392 ; [0.0, 1.0, 6.0, 14.0, 16.0, 18.0, 12.0, 5.0, 20.0, 9.0, 7.0, 13.0, 8.0, 19.0, 3.0, 11.0, 17.0, 15.0, 4.0, 2.0, 10.0, 0.0]
1000 ; 6 ; 16.0 ; 0 ; 603 ; 2839 ; 683.7234916485392 ; 1033.2780583102553 ; 1376.0758655422555 ; 683.7234916485392 ; [0.0, 1.0, 6.0, 14.0, 16.0, 18.0, 12.0, 5.0, 20.0, 9.0, 7.0, 13.0, 8.0, 19.0, 3.0, 11.0, 17.0, 15.0, 4.0, 2.0, 10.0, 0.0]
1000 ; 6 ; 16.0 ; 0 ; 802 ; 2884 ; 683.7234916485392 ; 1033.2780583102547 ; 1376.0758655422555 ; 683.7234916485392 ; [0.0, 1.0, 6.0, 14.0, 16.0, 18.0, 12.0, 5.0, 20.0, 9.0, 7.0, 13.0, 8.0, 19.0, 3.0, 11.0, 17.0, 15.0, 4.0, 2.0, 10.0, 0.0]
1000 ; 6 ; 16.0 ; 0 ; 1000 ; 2994 ; 683.7234916485392 ; 1033.278058310255 ; 1376.0758655422555 ; 683.7234916485392 ; [0.0, 1.0, 6.0, 14.0, 16.0, 18.0, 12.0, 5.0, 20.0, 9.0, 7.0, 13.0, 8.0, 19.0, 3.0, 11.0, 17.0, 15.0, 4.0, 2.0, 10.0, 0.0]
1000 ; 6 ; 16.0 ; 50 ; 8 ; 5125 ; 579.4214474854299 ; 738.1780246217595 ; 1209.8719167772945 ; 579.4214474854299 ; [0.0, 3.0, 6.0, 5.0, 14.0, 13.0, 11.0, 10.0, 16.0, 12.0, 15.0, 20.0, 4.0, 19.0, 7.0, 9.0, 17.0, 18.0, 8.0, 2.0, 1.0, 0.0]
1000 ; 6 ; 16.0 ; 50 ; 206 ; 130559 ; 453.39474220503445 ; 569.4585996289715 ; 911.2608400080975 ; 452.37858030142894 ; [0.0, 4.0, 19.0, 5.0, 7.0, 6.0, 14.0, 13.0, 11.0, 10.0, 16.0, 15.0, 17.0, 18.0, 12.0, 9.0, 8.0, 20.0, 3.0, 2.0, 1.0, 0.0]
1000 ; 6 ; 16.0 ; 50 ; 405 ; 127475 ; 443.2408302327845 ; 564.4089808281532 ; 910.969538141018 ; 441.84724675934217 ; [0.0, 1.0, 2.0, 3.0, 20.0, 9.0, 12.0, 18.0, 17.0, 15.0, 16.0, 10.0, 11.0, 13.0, 14.0, 7.0, 6.0, 5.0, 19.0, 4.0, 8.0, 0.0]
1000 ; 6 ; 16.0 ; 50 ; 603 ; 125945 ; 432.6886908332992 ; 565.2339963657636 ; 989.3815520076697 ; 432.6886908332992 ; [0.0, 4.0, 19.0, 5.0, 6.0, 7.0, 14.0, 13.0, 11.0, 10.0, 16.0, 15.0, 18.0, 12.0, 17.0, 9.0, 8.0, 20.0, 3.0, 2.0, 1.0, 0.0]
1000 ; 6 ; 16.0 ; 50 ; 802 ; 127170 ; 418.5847095218477 ; 541.8760801263688 ; 850.9004205442865 ; 416.6076141664158 ; [0.0, 4.0, 19.0, 5.0, 6.0, 7.0, 14.0, 9.0, 15.0, 13.0, 11.0, 12.0, 10.0, 16.0, 18.0, 17.0, 8.0, 20.0, 3.0, 2.0, 1.0, 0.0]
1000 ; 6 ; 16.0 ; 50 ; 1000 ; 128444 ; 418.5847095218477 ; 529.850210420344 ; 805.6943409692718 ; 416.6076141664158 ; [0.0, 4.0, 19.0, 5.0, 6.0, 7.0, 14.0, 9.0, 15.0, 13.0, 11.0, 12.0, 10.0, 16.0, 18.0, 17.0, 8.0, 20.0, 3.0, 2.0, 1.0, 0.0]
1000 ; 6 ; 16.0 ; 100 ; 8 ; 9976 ; 626.2708407766422 ; 719.7805332974181 ; 1081.2007862144096 ; 618.006412541669 ; [0.0, 3.0, 20.0, 13.0, 8.0, 6.0, 14.0, 15.0, 10.0, 12.0, 11.0, 16.0, 18.0, 9.0, 17.0, 19.0, 4.0, 7.0, 5.0, 2.0, 1.0, 0.0]
1000 ; 6 ; 16.0 ; 100 ; 206 ; 246272 ; 434.1392277667549 ; 546.532700923408 ; 789.0024747980535 ; 434.1392277667549 ; [0.0, 4.0, 19.0, 5.0, 6.0, 7.0, 14.0, 9.0, 15.0, 18.0, 16.0, 12.0, 10.0, 17.0, 13.0, 11.0, 8.0, 20.0, 3.0, 2.0, 1.0, 0.0]
1000 ; 6 ; 16.0 ; 100 ; 405 ; 248379 ; 379.6091893071392 ; 500.0143898236539 ; 897.0558541660774 ; 379.6091893071392 ; [0.0, 1.0, 2.0, 3.0, 20.0, 8.0, 11.0, 13.0, 15.0, 12.0, 10.0, 16.0, 18.0, 17.0, 9.0, 14.0, 7.0, 6.0, 5.0, 19.0, 4.0, 0.0]
1000 ; 6 ; 16.0 ; 100 ; 603 ; 246600 ; 379.6091893071392 ; 477.8498335270567 ; 615.6920151021166 ; 378.07869851228156 ; [0.0, 1.0, 2.0, 3.0, 20.0, 8.0, 13.0, 11.0, 15.0, 12.0, 10.0, 16.0, 18.0, 17.0, 9.0, 14.0, 7.0, 6.0, 5.0, 19.0, 4.0, 0.0]
1000 ; 6 ; 16.0 ; 100 ; 802 ; 248371 ; 378.0786985122815 ; 489.1505802545172 ; 846.7602109558092 ; 378.0786985122815 ; [0.0, 4.0, 19.0, 5.0, 6.0, 7.0, 14.0, 9.0, 17.0, 18.0, 16.0, 10.0, 12.0, 15.0, 11.0, 13.0, 8.0, 20.0, 3.0, 2.0, 1.0, 0.0]
1000 ; 6 ; 16.0 ; 100 ; 1000 ; 251666 ; 378.0786985122815 ; 487.78397017063645 ; 708.1289452305317 ; 378.0786985122815 ; [0.0, 4.0, 19.0, 5.0, 6.0, 7.0, 14.0, 9.0, 17.0, 18.0, 16.0, 10.0, 12.0, 15.0, 11.0, 13.0, 8.0, 20.0, 3.0, 2.0, 1.0, 0.0]
1000 ; 6 ; 30.0 ; 0 ; 8 ; 105 ; 718.2932254426132 ; 1032.6493279308027 ; 1354.5234875042133 ; 718.2932254426132 ; [0.0, 14.0, 9.0, 20.0, 18.0, 11.0, 7.0, 2.0, 4.0, 19.0, 6.0, 8.0, 5.0, 3.0, 17.0, 15.0, 13.0, 16.0, 12.0, 1.0, 10.0, 0.0]
1000 ; 6 ; 30.0 ; 0 ; 206 ; 2830 ; 718.2932254426132 ; 1032.6493279308027 ; 1354.5234875042133 ; 718.2932254426132 ; [0.0, 14.0, 9.0, 20.0, 18.0, 11.0, 7.0, 2.0, 4.0, 19.0, 6.0, 8.0, 5.0, 3.0, 17.0, 15.0, 13.0, 16.0, 12.0, 1.0, 10.0, 0.0]
1000 ; 6 ; 30.0 ; 0 ; 405 ; 2946 ; 718.2932254426132 ; 1032.6493279308033 ; 1354.5234875042133 ; 718.2932254426132 ; [0.0, 14.0, 9.0, 20.0, 18.0, 11.0, 7.0, 2.0, 4.0, 19.0, 6.0, 8.0, 5.0, 3.0, 17.0, 15.0, 13.0, 16.0, 12.0, 1.0, 10.0, 0.0]
1000 ; 6 ; 30.0 ; 0 ; 603 ; 3020 ; 718.2932254426132 ; 1032.649327930803 ; 1354.5234875042133 ; 718.2932254426132 ; [0.0, 14.0, 9.0, 20.0, 18.0, 11.0, 7.0, 2.0, 4.0, 19.0, 6.0, 8.0, 5.0, 3.0, 17.0, 15.0, 13.0, 16.0, 12.0, 1.0, 10.0, 0.0]
1000 ; 6 ; 30.0 ; 0 ; 802 ; 2972 ; 718.2932254426132 ; 1032.6493279308024 ; 1354.5234875042133 ; 718.2932254426132 ; [0.0, 14.0, 9.0, 20.0, 18.0, 11.0, 7.0, 2.0, 4.0, 19.0, 6.0, 8.0, 5.0, 3.0, 17.0, 15.0, 13.0, 16.0, 12.0, 1.0, 10.0, 0.0]
1000 ; 6 ; 30.0 ; 0 ; 1000 ; 2794 ; 718.2932254426132 ; 1032.6493279308022 ; 1354.5234875042133 ; 718.2932254426132 ; [0.0, 14.0, 9.0, 20.0, 18.0, 11.0, 7.0, 2.0, 4.0, 19.0, 6.0, 8.0, 5.0, 3.0, 17.0, 15.0, 13.0, 16.0, 12.0, 1.0, 10.0, 0.0]
1000 ; 6 ; 30.0 ; 50 ; 8 ; 5015 ; 603.9031063238515 ; 746.3858957810746 ; 1081.6020651932427 ; 603.9031063238515 ; [0.0, 9.0, 5.0, 7.0, 6.0, 20.0, 8.0, 14.0, 17.0, 12.0, 13.0, 15.0, 11.0, 18.0, 10.0, 16.0, 4.0, 19.0, 2.0, 3.0, 1.0, 0.0]
1000 ; 6 ; 30.0 ; 50 ; 206 ; 123634 ; 376.0914137948625 ; 529.9477011825865 ; 936.5981629678669 ; 376.0914137948625 ; [0.0, 19.0, 5.0, 14.0, 9.0, 17.0, 12.0, 18.0, 16.0, 10.0, 15.0, 11.0, 13.0, 20.0, 8.0, 7.0, 6.0, 4.0, 3.0, 2.0, 1.0, 0.0]
1000 ; 6 ; 30.0 ; 50 ; 405 ; 126718 ; 368.2731058030378 ; 513.6238368704243 ; 881.6063867350244 ; 368.2731058030378 ; [0.0, 19.0, 5.0, 14.0, 9.0, 17.0, 12.0, 18.0, 10.0, 16.0, 15.0, 11.0, 13.0, 20.0, 8.0, 7.0, 6.0, 4.0, 3.0, 2.0, 1.0, 0.0]
1000 ; 6 ; 30.0 ; 50 ; 603 ; 126448 ; 368.2731058030378 ; 507.4630771846622 ; 908.8926813977711 ; 368.2731058030378 ; [0.0, 19.0, 5.0, 14.0, 9.0, 17.0, 12.0, 18.0, 10.0, 16.0, 15.0, 11.0, 13.0, 20.0, 8.0, 7.0, 6.0, 4.0, 3.0, 2.0, 1.0, 0.0]
1000 ; 6 ; 30.0 ; 50 ; 802 ; 127644 ; 368.2731058030378 ; 524.7155346765148 ; 1001.706387993907 ; 368.2731058030378 ; [0.0, 19.0, 5.0, 14.0, 9.0, 17.0, 12.0, 18.0, 10.0, 16.0, 15.0, 11.0, 13.0, 20.0, 8.0, 7.0, 6.0, 4.0, 3.0, 2.0, 1.0, 0.0]
1000 ; 6 ; 30.0 ; 50 ; 1000 ; 125060 ; 368.2731058030378 ; 517.8765074853912 ; 956.1661488948977 ; 368.2731058030378 ; [0.0, 19.0, 5.0, 14.0, 9.0, 17.0, 12.0, 18.0, 10.0, 16.0, 15.0, 11.0, 13.0, 20.0, 8.0, 7.0, 6.0, 4.0, 3.0, 2.0, 1.0, 0.0]
1000 ; 6 ; 30.0 ; 100 ; 8 ; 10339 ; 563.8167692717055 ; 664.0866368824289 ; 874.0455180082553 ; 535.7402488410041 ; [0.0, 4.0, 9.0, 15.0, 17.0, 16.0, 12.0, 10.0, 18.0, 14.0, 5.0, 7.0, 20.0, 13.0, 11.0, 8.0, 6.0, 19.0, 2.0, 3.0, 1.0, 0.0]
1000 ; 6 ; 30.0 ; 100 ; 206 ; 255203 ; 392.44453725830465 ; 521.6022643483652 ; 778.7936468963903 ; 392.44453725830465 ; [0.0, 1.0, 2.0, 3.0, 14.0, 9.0, 17.0, 16.0, 10.0, 18.0, 12.0, 15.0, 11.0, 13.0, 20.0, 8.0, 7.0, 6.0, 5.0, 19.0, 4.0, 0.0]
1000 ; 6 ; 30.0 ; 100 ; 405 ; 263307 ; 384.0818996133312 ; 510.62444912012876 ; 930.9286653381688 ; 381.15634281388196 ; [0.0, 1.0, 2.0, 3.0, 4.0, 5.0, 14.0, 9.0, 17.0, 16.0, 10.0, 18.0, 12.0, 15.0, 11.0, 13.0, 20.0, 8.0, 7.0, 6.0, 19.0, 0.0]
1000 ; 6 ; 30.0 ; 100 ; 603 ; 283486 ; 384.0818996133312 ; 494.5933733724935 ; 703.5100478824639 ; 381.15634281388196 ; [0.0, 1.0, 2.0, 3.0, 4.0, 5.0, 14.0, 9.0, 17.0, 16.0, 10.0, 18.0, 12.0, 15.0, 11.0, 13.0, 20.0, 8.0, 7.0, 6.0, 19.0, 0.0]
1000 ; 6 ; 30.0 ; 100 ; 802 ; 253912 ; 381.7329156690077 ; 482.171391213828 ; 600.0546861016896 ; 381.15634281388196 ; [0.0, 1.0, 2.0, 3.0, 4.0, 5.0, 14.0, 9.0, 17.0, 16.0, 10.0, 18.0, 12.0, 15.0, 11.0, 13.0, 20.0, 8.0, 7.0, 6.0, 19.0, 0.0]
1000 ; 6 ; 30.0 ; 100 ; 1000 ; 248980 ; 381.7329156690077 ; 495.96126297503326 ; 751.9520057697712 ; 381.15634281388196 ; [0.0, 1.0, 2.0, 3.0, 4.0, 5.0, 14.0, 9.0, 17.0, 16.0, 10.0, 18.0, 12.0, 15.0, 11.0, 13.0, 20.0, 8.0, 7.0, 6.0, 19.0, 0.0]
1000 ; 10 ; 1.0 ; 0 ; 8 ; 98 ; 670.2888041426299 ; 1037.2527038695603 ; 1334.0310227082578 ; 670.2888041426299 ; [0.0, 14.0, 8.0, 7.0, 9.0, 6.0, 13.0, 5.0, 19.0, 4.0, 15.0, 11.0, 12.0, 16.0, 10.0, 17.0, 20.0, 2.0, 1.0, 3.0, 18.0, 0.0]
1000 ; 10 ; 1.0 ; 0 ; 206 ; 2779 ; 670.2888041426299 ; 1037.2527038695605 ; 1334.0310227082578 ; 670.2888041426299 ; [0.0, 14.0, 8.0, 7.0, 9.0, 6.0, 13.0, 5.0, 19.0, 4.0, 15.0, 11.0, 12.0, 16.0, 10.0, 17.0, 20.0, 2.0, 1.0, 3.0, 18.0, 0.0]
1000 ; 10 ; 1.0 ; 0 ; 405 ; 2573 ; 670.2888041426299 ; 1037.2527038695603 ; 1334.0310227082578 ; 670.2888041426299 ; [0.0, 14.0, 8.0, 7.0, 9.0, 6.0, 13.0, 5.0, 19.0, 4.0, 15.0, 11.0, 12.0, 16.0, 10.0, 17.0, 20.0, 2.0, 1.0, 3.0, 18.0, 0.0]
1000 ; 10 ; 1.0 ; 0 ; 603 ; 2582 ; 670.2888041426299 ; 1037.2527038695596 ; 1334.0310227082578 ; 670.2888041426299 ; [0.0, 14.0, 8.0, 7.0, 9.0, 6.0, 13.0, 5.0, 19.0, 4.0, 15.0, 11.0, 12.0, 16.0, 10.0, 17.0, 20.0, 2.0, 1.0, 3.0, 18.0, 0.0]
1000 ; 10 ; 1.0 ; 0 ; 802 ; 2496 ; 670.2888041426299 ; 1037.2527038695605 ; 1334.0310227082578 ; 670.2888041426299 ; [0.0, 14.0, 8.0, 7.0, 9.0, 6.0, 13.0, 5.0, 19.0, 4.0, 15.0, 11.0, 12.0, 16.0, 10.0, 17.0, 20.0, 2.0, 1.0, 3.0, 18.0, 0.0]
1000 ; 10 ; 1.0 ; 0 ; 1000 ; 2600 ; 670.2888041426299 ; 1037.2527038695596 ; 1334.0310227082578 ; 670.2888041426299 ; [0.0, 14.0, 8.0, 7.0, 9.0, 6.0, 13.0, 5.0, 19.0, 4.0, 15.0, 11.0, 12.0, 16.0, 10.0, 17.0, 20.0, 2.0, 1.0, 3.0, 18.0, 0.0]
1000 ; 10 ; 1.0 ; 50 ; 8 ; 4997 ; 653.1761346367698 ; 740.5128029064665 ; 1227.5793658519024 ; 653.1761346367698 ; [0.0, 8.0, 2.0, 3.0, 4.0, 6.0, 5.0, 19.0, 7.0, 12.0, 16.0, 18.0, 10.0, 9.0, 15.0, 20.0, 14.0, 17.0, 11.0, 13.0, 1.0, 0.0]
1000 ; 10 ; 1.0 ; 50 ; 206 ; 125435 ; 534.919403132928 ; 623.2300272824416 ; 882.6303843063829 ; 534.9194031329279 ; [0.0, 1.0, 3.0, 2.0, 20.0, 4.0, 19.0, 7.0, 12.0, 16.0, 18.0, 10.0, 9.0, 15.0, 17.0, 11.0, 13.0, 8.0, 14.0, 6.0, 5.0, 0.0]
1000 ; 10 ; 1.0 ; 50 ; 405 ; 126147 ; 513.4161860938628 ; 604.3118228534095 ; 917.8874150785593 ; 513.4161860938628 ; [0.0, 1.0, 2.0, 4.0, 20.0, 7.0, 12.0, 16.0, 18.0, 10.0, 9.0, 15.0, 17.0, 11.0, 13.0, 8.0, 14.0, 6.0, 5.0, 19.0, 3.0, 0.0]
1000 ; 10 ; 1.0 ; 50 ; 603 ; 125971 ; 494.21641028652994 ; 594.687305614703 ; 921.0749482279052 ; 488.3839983343736 ; [0.0, 1.0, 2.0, 3.0, 20.0, 7.0, 12.0, 16.0, 18.0, 10.0, 9.0, 15.0, 17.0, 11.0, 13.0, 8.0, 14.0, 6.0, 5.0, 19.0, 4.0, 0.0]
1000 ; 10 ; 1.0 ; 50 ; 802 ; 124993 ; 470.4205805175265 ; 570.3846243050647 ; 886.219484002832 ; 464.41128219114285 ; [0.0, 1.0, 2.0, 3.0, 20.0, 15.0, 12.0, 16.0, 18.0, 10.0, 9.0, 17.0, 11.0, 13.0, 8.0, 14.0, 6.0, 7.0, 5.0, 19.0, 4.0, 0.0]
1000 ; 10 ; 1.0 ; 50 ; 1000 ; 124036 ; 456.83782064977163 ; 554.6731653656282 ; 795.5306105819445 ; 446.306487107685 ; [0.0, 4.0, 19.0, 5.0, 6.0, 7.0, 14.0, 8.0, 11.0, 17.0, 9.0, 10.0, 18.0, 16.0, 12.0, 15.0, 13.0, 20.0, 3.0, 2.0, 1.0, 0.0]
1000 ; 10 ; 1.0 ; 100 ; 8 ; 9730 ; 720.0776507387101 ; 808.0126515522311 ; 934.4832184813811 ; 720.0776507387101 ; [0.0, 19.0, 2.0, 13.0, 20.0, 12.0, 17.0, 18.0, 6.0, 14.0, 8.0, 7.0, 4.0, 5.0, 9.0, 10.0, 15.0, 16.0, 11.0, 3.0, 1.0, 0.0]
1000 ; 10 ; 1.0 ; 100 ; 206 ; 244848 ; 588.1168696889 ; 677.4721054156886 ; 985.1501364092284 ; 588.1168696889 ; [0.0, 6.0, 13.0, 11.0, 16.0, 15.0, 10.0, 9.0, 7.0, 8.0, 14.0, 18.0, 17.0, 12.0, 20.0, 5.0, 19.0, 4.0, 3.0, 2.0, 1.0, 0.0]
1000 ; 10 ; 1.0 ; 100 ; 405 ; 245727 ; 540.5509777812483 ; 635.4968854529776 ; 882.685874946651 ; 540.5509777812483 ; [0.0, 19.0, 5.0, 6.0, 20.0, 13.0, 11.0, 16.0, 15.0, 10.0, 9.0, 7.0, 14.0, 18.0, 17.0, 12.0, 8.0, 4.0, 3.0, 2.0, 1.0, 0.0]
1000 ; 10 ; 1.0 ; 100 ; 603 ; 246149 ; 539.3574564000367 ; 631.0579221189207 ; 850.2149174370026 ; 539.3574564000367 ; [0.0, 4.0, 19.0, 5.0, 6.0, 20.0, 13.0, 11.0, 16.0, 15.0, 10.0, 9.0, 7.0, 14.0, 18.0, 17.0, 12.0, 8.0, 3.0, 2.0, 1.0, 0.0]
1000 ; 10 ; 1.0 ; 100 ; 802 ; 252433 ; 538.7473622706091 ; 627.4183970867609 ; 738.9211787814909 ; 538.7473622706091 ; [0.0, 4.0, 19.0, 5.0, 6.0, 13.0, 11.0, 16.0, 15.0, 10.0, 9.0, 7.0, 14.0, 18.0, 17.0, 12.0, 8.0, 20.0, 3.0, 2.0, 1.0, 0.0]
1000 ; 10 ; 1.0 ; 100 ; 1000 ; 250003 ; 536.6506903420513 ; 627.9356573424543 ; 847.9441509021912 ; 536.6506903420513 ; [0.0, 4.0, 19.0, 5.0, 6.0, 8.0, 13.0, 11.0, 16.0, 15.0, 10.0, 9.0, 7.0, 14.0, 18.0, 17.0, 12.0, 20.0, 3.0, 2.0, 1.0, 0.0]
1000 ; 10 ; 16.0 ; 0 ; 8 ; 98 ; 686.2211550185112 ; 1033.9659308701916 ; 1377.5927875585314 ; 686.2211550185112 ; [0.0, 2.0, 4.0, 7.0, 20.0, 14.0, 9.0, 16.0, 11.0, 1.0, 3.0, 19.0, 15.0, 12.0, 17.0, 18.0, 10.0, 5.0, 8.0, 6.0, 13.0, 0.0]
1000 ; 10 ; 16.0 ; 0 ; 206 ; 2660 ; 686.2211550185112 ; 1033.9659308701903 ; 1377.5927875585314 ; 686.2211550185112 ; [0.0, 2.0, 4.0, 7.0, 20.0, 14.0, 9.0, 16.0, 11.0, 1.0, 3.0, 19.0, 15.0, 12.0, 17.0, 18.0, 10.0, 5.0, 8.0, 6.0, 13.0, 0.0]
1000 ; 10 ; 16.0 ; 0 ; 405 ; 2803 ; 686.2211550185112 ; 1033.9659308701903 ; 1377.5927875585314 ; 686.2211550185112 ; [0.0, 2.0, 4.0, 7.0, 20.0, 14.0, 9.0, 16.0, 11.0, 1.0, 3.0, 19.0, 15.0, 12.0, 17.0, 18.0, 10.0, 5.0, 8.0, 6.0, 13.0, 0.0]
1000 ; 10 ; 16.0 ; 0 ; 603 ; 2994 ; 686.2211550185112 ; 1033.9659308701916 ; 1377.5927875585314 ; 686.2211550185112 ; [0.0, 2.0, 4.0, 7.0, 20.0, 14.0, 9.0, 16.0, 11.0, 1.0, 3.0, 19.0, 15.0, 12.0, 17.0, 18.0, 10.0, 5.0, 8.0, 6.0, 13.0, 0.0]
1000 ; 10 ; 16.0 ; 0 ; 802 ; 3021 ; 686.2211550185112 ; 1033.9659308701912 ; 1377.5927875585314 ; 686.2211550185112 ; [0.0, 2.0, 4.0, 7.0, 20.0, 14.0, 9.0, 16.0, 11.0, 1.0, 3.0, 19.0, 15.0, 12.0, 17.0, 18.0, 10.0, 5.0, 8.0, 6.0, 13.0, 0.0]
1000 ; 10 ; 16.0 ; 0 ; 1000 ; 2959 ; 686.2211550185112 ; 1033.9659308701912 ; 1377.5927875585314 ; 686.2211550185112 ; [0.0, 2.0, 4.0, 7.0, 20.0, 14.0, 9.0, 16.0, 11.0, 1.0, 3.0, 19.0, 15.0, 12.0, 17.0, 18.0, 10.0, 5.0, 8.0, 6.0, 13.0, 0.0]
1000 ; 10 ; 16.0 ; 50 ; 8 ; 5218 ; 641.3047854798148 ; 758.9193664622936 ; 1290.5666736106703 ; 641.3047854798148 ; [0.0, 1.0, 4.0, 3.0, 5.0, 2.0, 7.0, 14.0, 9.0, 16.0, 11.0, 8.0, 13.0, 17.0, 10.0, 15.0, 12.0, 18.0, 20.0, 6.0, 19.0, 0.0]
1000 ; 10 ; 16.0 ; 50 ; 206 ; 128954 ; 450.999217479492 ; 568.7144963333998 ; 894.1710209516663 ; 450.999217479492 ; [0.0, 1.0, 2.0, 3.0, 20.0, 8.0, 17.0, 16.0, 18.0, 12.0, 15.0, 10.0, 13.0, 11.0, 9.0, 14.0, 7.0, 5.0, 6.0, 19.0, 4.0, 0.0]
1000 ; 10 ; 16.0 ; 50 ; 405 ; 129629 ; 444.30270428638914 ; 558.7609432643717 ; 932.3812818473247 ; 441.72008376713285 ; [0.0, 4.0, 19.0, 5.0, 6.0, 7.0, 14.0, 11.0, 13.0, 10.0, 15.0, 12.0, 18.0, 16.0, 17.0, 9.0, 8.0, 20.0, 3.0, 2.0, 1.0, 0.0]
1000 ; 10 ; 16.0 ; 50 ; 603 ; 119732 ; 438.90347178181673 ; 561.3584716733957 ; 862.7644412089138 ; 438.90347178181673 ; [0.0, 1.0, 2.0, 3.0, 20.0, 8.0, 10.0, 17.0, 16.0, 18.0, 12.0, 15.0, 13.0, 11.0, 9.0, 14.0, 7.0, 6.0, 5.0, 19.0, 4.0, 0.0]
1000 ; 10 ; 16.0 ; 50 ; 802 ; 10083888 ; 438.90347178181673 ; 543.6726971692292 ; 964.7527904158327 ; 438.90347178181673 ; [0.0, 1.0, 2.0, 3.0, 20.0, 8.0, 10.0, 17.0, 16.0, 18.0, 12.0, 15.0, 13.0, 11.0, 9.0, 14.0, 7.0, 6.0, 5.0, 19.0, 4.0, 0.0]
1000 ; 10 ; 16.0 ; 50 ; 1000 ; 123231 ; 438.90347178181673 ; 550.0601410864729 ; 851.2313890597891 ; 438.90347178181673 ; [0.0, 1.0, 2.0, 3.0, 20.0, 8.0, 10.0, 17.0, 16.0, 18.0, 12.0, 15.0, 13.0, 11.0, 9.0, 14.0, 7.0, 6.0, 5.0, 19.0, 4.0, 0.0]
1000 ; 10 ; 16.0 ; 100 ; 8 ; 9217 ; 647.6226561142103 ; 739.2117905285833 ; 917.9113817325854 ; 647.6226561142103 ; [0.0, 8.0, 20.0, 15.0, 10.0, 18.0, 9.0, 7.0, 3.0, 6.0, 5.0, 17.0, 11.0, 12.0, 16.0, 13.0, 14.0, 19.0, 4.0, 2.0, 1.0, 0.0]
1000 ; 10 ; 16.0 ; 100 ; 206 ; 241202 ; 464.8744153108492 ; 563.3016508055659 ; 732.8603456145712 ; 464.8744153108492 ; [0.0, 19.0, 5.0, 7.0, 14.0, 9.0, 13.0, 11.0, 17.0, 12.0, 18.0, 10.0, 15.0, 16.0, 20.0, 8.0, 6.0, 4.0, 3.0, 2.0, 1.0, 0.0]
1000 ; 10 ; 16.0 ; 100 ; 405 ; 234210 ; 452.0814451001222 ; 562.0776652804165 ; 829.4153184318554 ; 452.0814451001222 ; [0.0, 19.0, 5.0, 14.0, 9.0, 13.0, 11.0, 17.0, 12.0, 18.0, 10.0, 15.0, 20.0, 8.0, 7.0, 6.0, 4.0, 3.0, 2.0, 1.0, 16.0, 0.0]
1000 ; 10 ; 16.0 ; 100 ; 603 ; 234503 ; 416.32913434721246 ; 520.5660667586874 ; 786.5937384425055 ; 416.32913434721246 ; [0.0, 19.0, 5.0, 14.0, 9.0, 13.0, 11.0, 17.0, 12.0, 18.0, 10.0, 16.0, 15.0, 8.0, 20.0, 7.0, 6.0, 4.0, 3.0, 2.0, 1.0, 0.0]
1000 ; 10 ; 16.0 ; 100 ; 802 ; 237346 ; 416.32913434721246 ; 520.5562026591888 ; 696.2367267027272 ; 416.32913434721246 ; [0.0, 19.0, 5.0, 14.0, 9.0, 13.0, 11.0, 17.0, 12.0, 18.0, 10.0, 16.0, 15.0, 8.0, 20.0, 7.0, 6.0, 4.0, 3.0, 2.0, 1.0, 0.0]
1000 ; 10 ; 16.0 ; 100 ; 1000 ; 270135 ; 416.32913434721246 ; 525.315627963124 ; 759.3207057330541 ; 416.32913434721246 ; [0.0, 19.0, 5.0, 14.0, 9.0, 13.0, 11.0, 17.0, 12.0, 18.0, 10.0, 16.0, 15.0, 8.0, 20.0, 7.0, 6.0, 4.0, 3.0, 2.0, 1.0, 0.0]
1000 ; 10 ; 30.0 ; 0 ; 8 ; 109 ; 660.7010356155894 ; 1038.6975792743601 ; 1359.116049938623 ; 660.7010356155894 ; [0.0, 16.0, 15.0, 4.0, 3.0, 2.0, 1.0, 19.0, 5.0, 8.0, 11.0, 13.0, 18.0, 9.0, 7.0, 17.0, 12.0, 14.0, 20.0, 6.0, 10.0, 0.0]
1000 ; 10 ; 30.0 ; 0 ; 206 ; 2812 ; 660.7010356155894 ; 1038.6975792743606 ; 1359.116049938623 ; 660.7010356155894 ; [0.0, 16.0, 15.0, 4.0, 3.0, 2.0, 1.0, 19.0, 5.0, 8.0, 11.0, 13.0, 18.0, 9.0, 7.0, 17.0, 12.0, 14.0, 20.0, 6.0, 10.0, 0.0]
1000 ; 10 ; 30.0 ; 0 ; 405 ; 2896 ; 660.7010356155894 ; 1038.6975792743594 ; 1359.116049938623 ; 660.7010356155894 ; [0.0, 16.0, 15.0, 4.0, 3.0, 2.0, 1.0, 19.0, 5.0, 8.0, 11.0, 13.0, 18.0, 9.0, 7.0, 17.0, 12.0, 14.0, 20.0, 6.0, 10.0, 0.0]
1000 ; 10 ; 30.0 ; 0 ; 603 ; 3027 ; 660.7010356155894 ; 1038.69757927436 ; 1359.116049938623 ; 660.7010356155894 ; [0.0, 16.0, 15.0, 4.0, 3.0, 2.0, 1.0, 19.0, 5.0, 8.0, 11.0, 13.0, 18.0, 9.0, 7.0, 17.0, 12.0, 14.0, 20.0, 6.0, 10.0, 0.0]
1000 ; 10 ; 30.0 ; 0 ; 802 ; 2906 ; 660.7010356155894 ; 1038.6975792743594 ; 1359.116049938623 ; 660.7010356155894 ; [0.0, 16.0, 15.0, 4.0, 3.0, 2.0, 1.0, 19.0, 5.0, 8.0, 11.0, 13.0, 18.0, 9.0, 7.0, 17.0, 12.0, 14.0, 20.0, 6.0, 10.0, 0.0]
1000 ; 10 ; 30.0 ; 0 ; 1000 ; 2904 ; 660.7010356155894 ; 1038.6975792743594 ; 1359.116049938623 ; 660.7010356155894 ; [0.0, 16.0, 15.0, 4.0, 3.0, 2.0, 1.0, 19.0, 5.0, 8.0, 11.0, 13.0, 18.0, 9.0, 7.0, 17.0, 12.0, 14.0, 20.0, 6.0, 10.0, 0.0]
1000 ; 10 ; 30.0 ; 50 ; 8 ; 5399 ; 629.2612379603388 ; 769.8489412083231 ; 1148.082679768696 ; 629.2612379603388 ; [0.0, 7.0, 5.0, 19.0, 4.0, 15.0, 13.0, 6.0, 14.0, 9.0, 8.0, 20.0, 10.0, 12.0, 16.0, 18.0, 17.0, 11.0, 3.0, 2.0, 1.0, 0.0]
1000 ; 10 ; 30.0 ; 50 ; 206 ; 133088 ; 392.320968843979 ; 540.7318061183628 ; 1048.8886096738847 ; 392.320968843979 ; [0.0, 1.0, 2.0, 3.0, 20.0, 8.0, 13.0, 11.0, 17.0, 18.0, 10.0, 16.0, 15.0, 12.0, 14.0, 7.0, 6.0, 5.0, 19.0, 4.0, 9.0, 0.0]
1000 ; 10 ; 30.0 ; 50 ; 405 ; 133448 ; 392.320968843979 ; 530.9746680340272 ; 801.6910322410826 ; 392.320968843979 ; [0.0, 1.0, 2.0, 3.0, 20.0, 8.0, 13.0, 11.0, 17.0, 18.0, 10.0, 16.0, 15.0, 12.0, 14.0, 7.0, 6.0, 5.0, 19.0, 4.0, 9.0, 0.0]
1000 ; 10 ; 30.0 ; 50 ; 603 ; 130799 ; 392.320968843979 ; 535.5330391440302 ; 925.3116114991877 ; 392.320968843979 ; [0.0, 1.0, 2.0, 3.0, 20.0, 8.0, 13.0, 11.0, 17.0, 18.0, 10.0, 16.0, 15.0, 12.0, 14.0, 7.0, 6.0, 5.0, 19.0, 4.0, 9.0, 0.0]
1000 ; 10 ; 30.0 ; 50 ; 802 ; 131615 ; 388.8260358873221 ; 526.350907296775 ; 908.1278938052934 ; 388.1477303142114 ; [0.0, 4.0, 19.0, 5.0, 6.0, 7.0, 14.0, 9.0, 15.0, 16.0, 10.0, 18.0, 17.0, 12.0, 11.0, 13.0, 8.0, 20.0, 3.0, 2.0, 1.0, 0.0]
1000 ; 10 ; 30.0 ; 50 ; 1000 ; 131985 ; 388.8260358873221 ; 511.4401692264164 ; 884.6876904596255 ; 388.1477303142114 ; [0.0, 4.0, 19.0, 5.0, 6.0, 7.0, 14.0, 9.0, 15.0, 16.0, 10.0, 18.0, 17.0, 12.0, 11.0, 13.0, 8.0, 20.0, 3.0, 2.0, 1.0, 0.0]
1000 ; 10 ; 30.0 ; 100 ; 8 ; 10597 ; 541.7665540535183 ; 665.1389818678631 ; 907.2029274131492 ; 541.7665540535183 ; [0.0, 1.0, 2.0, 4.0, 19.0, 14.0, 18.0, 12.0, 10.0, 16.0, 15.0, 9.0, 7.0, 6.0, 5.0, 8.0, 13.0, 11.0, 17.0, 20.0, 3.0, 0.0]
1000 ; 10 ; 30.0 ; 100 ; 206 ; 259599 ; 472.5110004585943 ; 584.4713878770125 ; 880.9171271085823 ; 470.74641041882813 ; [0.0, 17.0, 4.0, 19.0, 7.0, 8.0, 20.0, 6.0, 5.0, 14.0, 9.0, 18.0, 10.0, 16.0, 15.0, 13.0, 11.0, 12.0, 3.0, 2.0, 1.0, 0.0]
1000 ; 10 ; 30.0 ; 100 ; 405 ; 235756 ; 413.0949887190658 ; 559.5810663226059 ; 958.7150631211065 ; 413.0949887190658 ; [0.0, 4.0, 19.0, 5.0, 6.0, 7.0, 14.0, 9.0, 18.0, 10.0, 16.0, 15.0, 13.0, 11.0, 17.0, 12.0, 8.0, 20.0, 3.0, 2.0, 1.0, 0.0]
1000 ; 10 ; 30.0 ; 100 ; 603 ; 214997 ; 413.0949887190658 ; 520.1434310094193 ; 788.3396209405549 ; 413.0949887190658 ; [0.0, 4.0, 19.0, 5.0, 6.0, 7.0, 14.0, 9.0, 18.0, 10.0, 16.0, 15.0, 13.0, 11.0, 17.0, 12.0, 8.0, 20.0, 3.0, 2.0, 1.0, 0.0]
1000 ; 10 ; 30.0 ; 100 ; 802 ; 216343 ; 413.0949887190658 ; 538.6117878288774 ; 807.0413644290554 ; 413.0949887190658 ; [0.0, 4.0, 19.0, 5.0, 6.0, 7.0, 14.0, 9.0, 18.0, 10.0, 16.0, 15.0, 13.0, 11.0, 17.0, 12.0, 8.0, 20.0, 3.0, 2.0, 1.0, 0.0]
1000 ; 10 ; 30.0 ; 100 ; 1000 ; 2408922 ; 407.3133344920287 ; 503.73286790147495 ; 615.8650931478182 ; 407.3133344920287 ; [0.0, 4.0, 19.0, 5.0, 6.0, 7.0, 14.0, 17.0, 18.0, 10.0, 16.0, 15.0, 13.0, 11.0, 12.0, 9.0, 8.0, 20.0, 3.0, 2.0, 1.0, 0.0]